Date,oatSensor
7/14/18 12:00 PM,78.5
7/14/18 1:00 PM,77.48333333
7/14/18 2:00 PM,78.65
7/14/18 4:00 PM,81.75
7/14/18 5:00 PM,81.65
7/14/18 6:00 PM,81.95
7/14/18 7:00 PM,81.8
7/14/18 8:00 PM,79.47272727
7/14/18 9:00 PM,78.15
7/14/18 11:00 PM,76.86666667
7/15/18 12:00 AM,76.14615385
7/15/18 1:00 AM,75.675
7/15/18 4:00 AM,73.73333333
7/15/18 5:00 AM,74.2
7/15/18 9:00 AM,90.0625
7/15/18 10:00 AM,90.7875
7/15/18 12:00 PM,91.17142857
7/15/18 1:00 PM,88.88333333
7/15/18 2:00 PM,87.36666667
7/15/18 3:00 PM,86.35
7/15/18 4:00 PM,86.21
7/15/18 5:00 PM,86.44
7/15/18 7:00 PM,84.74
7/15/18 8:00 PM,83.95
7/15/18 9:00 PM,83.35
7/15/18 10:00 PM,82.28333333
7/15/18 11:00 PM,81.18888889
7/16/18 3:00 AM,79
7/16/18 4:00 AM,77.94166667
7/16/18 5:00 AM,77.35
7/16/18 7:00 AM,79.57
7/16/18 8:00 AM,77.96363636
7/16/18 10:00 AM,88.04285714
7/16/18 11:00 AM,86.08
7/16/18 1:00 PM,88.55555556
7/17/18 9:00 AM,85.88888889
7/17/18 10:00 AM,86.56666667
7/17/18 11:00 AM,86.49166667
7/17/18 12:00 PM,84.73333333
7/17/18 1:00 PM,83.86666667
7/17/18 2:00 PM,83.83333333
7/17/18 3:00 PM,82.36666667
7/17/18 4:00 PM,81.90833333
7/17/18 5:00 PM,82
7/18/18 5:00 PM,81.03333333
7/18/18 6:00 PM,80.66666667
7/19/18 6:00 PM,75.63333333
7/19/18 7:00 PM,75.41
7/19/18 8:00 PM,74.76
7/20/18 2:00 AM,68.35
7/20/18 3:00 AM,68.98571429
7/20/18 8:00 AM,70.3
7/20/18 9:00 AM,72.025
7/20/18 1:00 PM,73.67
7/20/18 2:00 PM,73.9
7/20/18 3:00 PM,75
7/20/18 4:00 PM,73.325
7/20/18 5:00 PM,72.26666667
7/20/18 6:00 PM,69.78181818
7/20/18 7:00 PM,70.2
7/20/18 8:00 PM,70.03333333
7/20/18 9:00 PM,69.75
7/20/18 11:00 PM,68.76
7/21/18 12:00 AM,68.56153846
7/21/18 1:00 AM,68.61
7/21/18 4:00 AM,67.725
7/21/18 5:00 AM,67.61666667
7/21/18 6:00 AM,67.4
7/21/18 7:00 AM,67.6
7/21/18 10:00 AM,77.56
7/21/18 11:00 AM,79.00833333
7/21/18 12:00 PM,79.53333333
7/21/18 1:00 PM,79.575
7/21/18 4:00 PM,74.24285714
7/21/18 5:00 PM,72.15833333
7/21/18 6:00 PM,71.7625
7/21/18 8:00 PM,69.6
7/21/18 9:00 PM,69.33333333
7/21/18 10:00 PM,69.05555556
7/21/18 11:00 PM,68.76666667
7/22/18 2:00 AM,67.1
7/22/18 3:00 AM,66.625
7/22/18 4:00 AM,66.2875
7/22/18 9:00 AM,66.43333333
7/22/18 10:00 AM,67.10833333
7/22/18 11:00 AM,67.5
7/22/18 12:00 PM,68.84545455
7/22/18 1:00 PM,69.5
7/22/18 5:00 PM,75.75454545
7/22/18 6:00 PM,75.4
7/22/18 7:00 PM,74.03333333
7/22/18 8:00 PM,73.08
7/23/18 1:00 AM,67.92
7/23/18 2:00 AM,67.475
7/23/18 8:00 AM,78.475
7/23/18 9:00 AM,81.325
7/23/18 10:00 AM,83.93333333
7/23/18 11:00 AM,84.48333333
7/23/18 12:00 PM,84.48333333
7/23/18 1:00 PM,83.925
7/23/18 2:00 PM,83.99166667
7/23/18 3:00 PM,83.925
7/23/18 4:00 PM,83.3
7/23/18 5:00 PM,82.93333333
7/23/18 8:00 PM,78.60833333
7/23/18 9:00 PM,77.8
7/24/18 2:00 AM,72.95
7/24/18 3:00 AM,72.18333333
7/25/18 8:00 AM,85.91666667
7/25/18 9:00 AM,90.24166667
7/25/18 10:00 AM,90.64166667
7/25/18 11:00 AM,92.41666667
7/25/18 12:00 PM,92.05833333
7/25/18 1:00 PM,91.29166667
7/25/18 2:00 PM,90.16666667
7/25/18 3:00 PM,87.75
7/25/18 4:00 PM,87.775
7/26/18 8:00 AM,83.07272727
7/26/18 9:00 AM,85.73333333
7/26/18 10:00 AM,86.26666667
7/26/18 11:00 AM,83.00833333
7/26/18 12:00 PM,81.9
7/26/18 1:00 PM,82.65
7/26/18 2:00 PM,82.25
7/26/18 3:00 PM,81.65833333
7/26/18 4:00 PM,80.625
7/27/18 8:00 AM,73.84166667
7/27/18 9:00 AM,76.825
7/27/18 10:00 AM,81.05833333
7/27/18 11:00 AM,81.34166667
7/27/18 12:00 PM,82.83333333
7/27/18 1:00 PM,81.64166667
7/27/18 2:00 PM,80.95833333
7/27/18 3:00 PM,79.55833333
7/27/18 4:00 PM,79.775
7/30/18 1:00 PM,82.6
7/30/18 2:00 PM,83.65833333
7/30/18 3:00 PM,83.11666667
7/30/18 4:00 PM,82.20833333
7/30/18 5:00 PM,75.525
7/30/18 6:00 PM,71.55833333
7/30/18 7:00 PM,72.975
7/30/18 8:00 PM,72.7
7/30/18 9:00 PM,71.25
7/30/18 10:00 PM,69.97272727
7/31/18 7:00 AM,73.81
7/31/18 8:00 AM,79.96666667
7/31/18 9:00 AM,83.69166667
7/31/18 10:00 AM,83.875
7/31/18 11:00 AM,83.61666667
7/31/18 12:00 PM,83.91666667
7/31/18 1:00 PM,82.78333333
7/31/18 2:00 PM,82.85
7/31/18 3:00 PM,83.34166667
7/31/18 4:00 PM,81.88333333
7/31/18 5:00 PM,82.2
7/31/18 6:00 PM,80.56666667
7/31/18 7:00 PM,79.21666667
7/31/18 8:00 PM,77.125
7/31/18 9:00 PM,74.6
7/31/18 10:00 PM,73.61428571
8/1/18 6:00 AM,77.75
8/1/18 7:00 AM,81.21666667
8/1/18 8:00 AM,84.05833333
8/1/18 9:00 AM,84.86666667
8/1/18 10:00 AM,90.85833333
8/1/18 11:00 AM,92.26666667
8/1/18 12:00 PM,91.825
8/1/18 9:00 PM,78.675
8/1/18 10:00 PM,78
8/2/18 3:00 AM,71.03333333
8/2/18 4:00 AM,70.75
8/2/18 6:00 AM,71.775
8/2/18 7:00 AM,70.50833333
8/2/18 8:00 AM,69.56666667
8/2/18 9:00 AM,69.56666667
8/2/18 10:00 AM,69.39166667
8/2/18 11:00 AM,70.15833333
8/2/18 12:00 PM,70.25
8/2/18 1:00 PM,73.66666667
8/2/18 2:00 PM,74.43333333
8/2/18 3:00 PM,76.05
8/2/18 4:00 PM,76.86666667
8/2/18 5:00 PM,76.2
8/2/18 6:00 PM,75.10909091
8/2/18 7:00 PM,73.575
8/2/18 8:00 PM,72.36
8/3/18 6:00 AM,68.08
8/3/18 7:00 AM,67.38333333
8/3/18 8:00 AM,67.88571429
8/3/18 12:00 PM,79.6
8/3/18 1:00 PM,79.99166667
8/3/18 2:00 PM,80.4
8/3/18 3:00 PM,80.75833333
8/3/18 4:00 PM,80.78333333
8/3/18 5:00 PM,80.175
8/3/18 6:00 PM,79.15
8/3/18 7:00 PM,77.86666667
8/3/18 8:00 PM,76.8
8/4/18 1:00 AM,71.44285714
8/4/18 2:00 AM,71.10833333
8/4/18 3:00 AM,71.01666667
8/4/18 8:00 AM,85.95
8/4/18 9:00 AM,87.96666667
8/4/18 12:00 PM,91.16
8/4/18 2:00 PM,89.3
8/4/18 3:00 PM,89.1
8/4/18 4:00 PM,87.4
8/4/18 5:00 PM,86.5
8/4/18 10:00 PM,80.58571429
8/4/18 11:00 PM,80.7
8/5/18 2:00 AM,77.13333333
8/5/18 3:00 AM,76.6
8/5/18 7:00 AM,80.1
8/5/18 8:00 AM,79.61666667
8/5/18 9:00 AM,79
8/5/18 12:00 PM,89.2
8/5/18 1:00 PM,89.48333333
8/5/18 2:00 PM,88.85
8/5/18 5:00 PM,86.64444444
8/5/18 6:00 PM,85.76
8/5/18 7:00 PM,81.5
8/5/18 8:00 PM,79.325
8/5/18 9:00 PM,77.43333333
8/6/18 1:00 AM,72.95555556
8/6/18 2:00 AM,72.30833333
8/6/18 3:00 AM,72.2
8/6/18 7:00 AM,71.6875
8/6/18 8:00 AM,71.225
8/6/18 9:00 AM,71.75
8/6/18 10:00 AM,78.41666667
8/6/18 11:00 AM,78.375
8/6/18 12:00 PM,81.95833333
8/6/18 1:00 PM,82.54166667
8/6/18 2:00 PM,80.85
8/6/18 3:00 PM,80.2
8/6/18 4:00 PM,80.275
8/7/18 1:00 AM,71.45
8/7/18 2:00 AM,69.425
8/7/18 3:00 AM,69.28333333
8/7/18 4:00 AM,68.725
8/7/18 5:00 AM,68.075
8/7/18 6:00 AM,69.325
8/7/18 7:00 AM,68.15833333
8/7/18 8:00 AM,69.475
8/7/18 9:00 AM,70.075
8/7/18 10:00 AM,70.08333333
8/7/18 11:00 AM,71.95833333
8/7/18 12:00 PM,72.30833333
8/7/18 1:00 PM,72.375
8/7/18 2:00 PM,72.7
8/7/18 3:00 PM,72.825
8/7/18 4:00 PM,73.91666667
8/8/18 1:00 AM,68.62857143
8/8/18 2:00 AM,67.75
8/8/18 6:00 AM,67.92857143
8/8/18 8:00 AM,70.36666667
8/8/18 9:00 AM,73.82
8/8/18 10:00 AM,81.94
8/8/18 11:00 AM,83.525
8/8/18 12:00 PM,82.7625
8/8/18 1:00 PM,83.81666667
8/8/18 2:00 PM,84.46666667
8/8/18 6:00 PM,81.1
8/8/18 7:00 PM,80.93333333
8/8/18 10:00 PM,76.16666667
8/8/18 11:00 PM,76.16666667
8/9/18 2:00 AM,75.08571429
8/9/18 3:00 AM,75.16666667
8/9/18 5:00 AM,74.22
8/9/18 7:00 AM,83.75
8/9/18 8:00 AM,87.23333333
8/9/18 9:00 AM,88.06666667
8/9/18 10:00 AM,83.49166667
8/9/18 11:00 AM,87.94166667
8/9/18 12:00 PM,88.26666667
8/9/18 1:00 PM,90.34166667
8/9/18 2:00 PM,90.375
8/9/18 3:00 PM,83.375
8/9/18 4:00 PM,76.95
8/9/18 5:00 PM,75.9
8/10/18 2:00 AM,69.55
8/10/18 3:00 AM,69.3875
8/10/18 10:00 AM,87.58181818
8/10/18 11:00 AM,86.30833333
8/10/18 12:00 PM,85.58333333
8/10/18 1:00 PM,85.525
8/10/18 2:00 PM,84.64166667
8/10/18 3:00 PM,84.05555556
8/10/18 4:00 PM,83.2
8/11/18 3:00 PM,87.48
8/11/18 4:00 PM,87.94
8/12/18 10:00 AM,88.74
8/12/18 1:00 PM,89.1
8/12/18 2:00 PM,88.7375
8/12/18 3:00 PM,88.27142857
8/12/18 4:00 PM,87.61666667
8/14/18 9:00 AM,90.9
8/14/18 10:00 AM,92.31666667
8/14/18 11:00 AM,92.325
8/14/18 12:00 PM,93.8
8/14/18 1:00 PM,92.86666667
8/15/18 7:00 AM,75.35
8/15/18 8:00 AM,77.05
8/15/18 9:00 AM,79.55
8/15/18 10:00 AM,82.13333333
8/15/18 11:00 AM,83.71666667
8/15/18 12:00 PM,86.28333333
8/15/18 1:00 PM,85.79166667
8/15/18 2:00 PM,84.55833333
8/15/18 3:00 PM,83.71428571
8/15/18 11:00 PM,75.81428571
8/16/18 12:00 AM,74.31428571
8/16/18 3:00 AM,72.4
8/16/18 4:00 AM,72.34444444
8/16/18 9:00 AM,75.25
8/16/18 10:00 AM,75.85
8/16/18 1:00 PM,82.9125
8/16/18 2:00 PM,82.53333333
8/16/18 3:00 PM,82.425
8/16/18 4:00 PM,81.425
8/16/18 5:00 PM,79.6
8/16/18 11:00 PM,71.73333333
8/17/18 12:00 AM,71.6
8/17/18 5:00 AM,68.8
8/17/18 6:00 AM,67.92307692
8/17/18 7:00 AM,68.40833333
8/17/18 8:00 AM,69.175
8/17/18 9:00 AM,68.80833333
8/17/18 10:00 AM,68.98333333
8/17/18 11:00 AM,72.80833333
8/17/18 12:00 PM,76.98333333
8/17/18 1:00 PM,77.99166667
8/17/18 2:00 PM,78.79166667
8/17/18 3:00 PM,79.22857143
8/17/18 4:00 PM,79.02222222
8/17/18 5:00 PM,78.22857143
8/18/18 2:00 AM,69.7
8/18/18 3:00 AM,69.3
8/18/18 10:00 AM,77.41
8/18/18 2:00 PM,80
8/18/18 3:00 PM,79.66666667
8/19/18 12:00 PM,81.95454545
8/19/18 3:00 PM,81.125
8/20/18 2:00 AM,70.55714286
8/20/18 3:00 AM,70.46666667
8/20/18 8:00 AM,72.9
8/20/18 9:00 AM,72.68181818
8/21/18 3:00 AM,63.54444444
8/21/18 4:00 AM,63.2
8/21/18 5:00 AM,63.6
8/21/18 6:00 AM,63.99166667
8/21/18 7:00 AM,65.40833333
8/21/18 8:00 AM,66.20833333
8/21/18 9:00 AM,67.80833333
8/21/18 10:00 AM,71.23333333
8/21/18 11:00 AM,71.625
8/21/18 12:00 PM,74.31666667
8/21/18 1:00 PM,73.075
8/21/18 2:00 PM,73.74166667
8/21/18 3:00 PM,73.8625
8/21/18 4:00 PM,72.425
8/21/18 5:00 PM,72
8/21/18 6:00 PM,70.15
8/21/18 7:00 PM,69.8
8/22/18 5:00 AM,61.1
8/22/18 6:00 AM,62.69166667
8/22/18 7:00 AM,70.61666667
8/22/18 8:00 AM,75.9
8/22/18 9:00 AM,79.68333333
8/22/18 10:00 AM,81.95833333
8/22/18 11:00 AM,81.15833333
8/22/18 12:00 PM,79.3
8/22/18 1:00 PM,79.49166667
8/22/18 2:00 PM,79.45
8/22/18 3:00 PM,78.875
8/23/18 5:00 AM,65
8/23/18 6:00 AM,66.7
8/23/18 7:00 AM,74.44166667
8/23/18 8:00 AM,79.31666667
8/23/18 9:00 AM,82.41666667
8/23/18 10:00 AM,84.80833333
8/23/18 11:00 AM,85.78333333
8/23/18 12:00 PM,85.14166667
8/23/18 1:00 PM,83.48333333
8/23/18 2:00 PM,82.23333333
8/23/18 3:00 PM,81.175
8/24/18 1:00 AM,66.47142857
8/24/18 2:00 AM,66.2
8/24/18 5:00 AM,66.3
8/24/18 6:00 AM,65.99166667
8/24/18 7:00 AM,66.33333333
8/24/18 8:00 AM,65.925
8/24/18 9:00 AM,64.66666667
8/24/18 10:00 AM,64.45
8/24/18 11:00 AM,65.23333333
8/24/18 12:00 PM,67.78333333
8/24/18 1:00 PM,67.05
8/24/18 2:00 PM,66.71666667
8/24/18 3:00 PM,65.7875
8/24/18 8:00 PM,64.8625
8/24/18 9:00 PM,64.6
8/25/18 6:00 AM,67.74444444
8/25/18 7:00 AM,68
8/25/18 3:00 PM,81.19166667
8/25/18 4:00 PM,81.66
8/25/18 5:00 PM,81.01428571
8/25/18 10:00 PM,73.96666667
8/25/18 11:00 PM,73.04
8/26/18 12:00 AM,72.44285714
8/26/18 6:00 AM,68.38
8/26/18 7:00 AM,68.9
8/26/18 2:00 PM,86.36
8/26/18 3:00 PM,85.82
8/26/18 4:00 PM,82.45833333
8/26/18 5:00 PM,76.84166667
8/26/18 6:00 PM,75.95
8/26/18 7:00 PM,75.5
8/26/18 8:00 PM,75.73333333
8/26/18 9:00 PM,74.55714286
8/26/18 10:00 PM,74.3
8/27/18 12:00 AM,73.075
8/27/18 1:00 AM,74.5
8/27/18 2:00 AM,74.6
8/27/18 5:00 AM,74.65
8/27/18 6:00 AM,74.61666667
8/27/18 7:00 AM,75.575
8/27/18 8:00 AM,76.30833333
8/27/18 9:00 AM,77.24166667
8/27/18 10:00 AM,78.14166667
8/27/18 11:00 AM,78.88333333
8/27/18 12:00 PM,81.08333333
8/27/18 1:00 PM,83.36666667
8/27/18 2:00 PM,84.36666667
8/27/18 3:00 PM,84.58333333
8/27/18 4:00 PM,84.03333333
8/27/18 5:00 PM,83.76666667
8/27/18 6:00 PM,83.00833333
8/27/18 7:00 PM,81.85833333
8/27/18 8:00 PM,82.04166667
8/27/18 9:00 PM,82.04
8/27/18 10:00 PM,81.40833333
8/27/18 11:00 PM,81.09166667
8/28/18 12:00 AM,80.9
8/28/18 1:00 AM,74.7
8/28/18 2:00 AM,73.05
8/28/18 3:00 AM,72.175
8/28/18 4:00 AM,71.76666667
8/28/18 5:00 AM,70.91666667
8/28/18 6:00 AM,70.56666667
8/28/18 7:00 AM,71.50833333
8/28/18 8:00 AM,78.075
8/28/18 9:00 AM,82.8
8/28/18 10:00 AM,84.13333333
8/28/18 11:00 AM,83.34166667
8/28/18 12:00 PM,82.375
8/28/18 1:00 PM,83.90833333
8/28/18 2:00 PM,84.25833333
8/28/18 3:00 PM,83.08333333
8/28/18 4:00 PM,76.2
8/28/18 5:00 PM,73.05
8/28/18 6:00 PM,72.325
8/28/18 7:00 PM,70.85
8/28/18 8:00 PM,70.35833333
8/28/18 9:00 PM,71.51666667
8/28/18 10:00 PM,70.18333333
8/28/18 11:00 PM,69.43333333
8/29/18 12:00 AM,70.40769231
8/29/18 1:00 AM,70.54166667
8/29/18 2:00 AM,69.56666667
8/29/18 3:00 AM,67.41666667
8/29/18 4:00 AM,66.175
8/29/18 5:00 AM,65.35
8/29/18 6:00 AM,64.8
8/29/18 7:00 AM,65.2
8/29/18 8:00 AM,66.25
8/29/18 9:00 AM,65.9
8/29/18 10:00 AM,69.00833333
8/29/18 11:00 AM,73.45833333
8/29/18 12:00 PM,74.76666667
8/29/18 1:00 PM,73.34166667
8/29/18 2:00 PM,73.5
8/29/18 3:00 PM,73.325
8/29/18 4:00 PM,72.49166667
8/29/18 5:00 PM,71.24166667
8/29/18 6:00 PM,69.91666667
8/29/18 7:00 PM,68.54166667
8/29/18 8:00 PM,68.24166667
8/29/18 9:00 PM,68.26666667
8/29/18 10:00 PM,67.19166667
8/29/18 11:00 PM,66.15
8/30/18 12:00 AM,64.76923077
8/30/18 1:00 AM,63.43333333
8/30/18 2:00 AM,63.2
8/30/18 3:00 AM,62.73333333
8/30/18 4:00 AM,62.28333333
8/30/18 5:00 AM,62.3
8/30/18 6:00 AM,62.68333333
8/30/18 7:00 AM,69.25
8/30/18 8:00 AM,72.25833333
8/30/18 9:00 AM,72.9
8/30/18 10:00 AM,73.08333333
8/30/18 11:00 AM,72.96666667
8/30/18 12:00 PM,74.18333333
8/30/18 1:00 PM,74.81666667
8/30/18 2:00 PM,75.04166667
8/30/18 3:00 PM,75.625
8/30/18 5:00 PM,73.36666667
8/31/18 5:00 AM,61.95
8/31/18 6:00 AM,62.075
8/31/18 7:00 AM,68.45833333
8/31/18 8:00 AM,72.99166667
8/31/18 9:00 AM,75.75
8/31/18 10:00 AM,77.93333333
8/31/18 11:00 AM,79.9
8/31/18 12:00 PM,80.68333333
8/31/18 1:00 PM,80.50833333
8/31/18 2:00 PM,80.61666667
8/31/18 3:00 PM,80.4875
8/31/18 4:00 PM,80.37
8/31/18 5:00 PM,80.58
8/31/18 6:00 PM,79
8/31/18 7:00 PM,77.525
8/31/18 8:00 PM,76.42857143
8/31/18 9:00 PM,74.85714286
8/31/18 10:00 PM,73.83333333
8/31/18 11:00 PM,73.06666667
9/1/18 12:00 AM,73.2
9/1/18 1:00 AM,72.55833333
9/1/18 2:00 AM,71.76666667
9/1/18 3:00 AM,71.85
9/1/18 4:00 AM,72.3
9/1/18 5:00 AM,73.24166667
9/1/18 6:00 AM,71.875
9/1/18 7:00 AM,71.86666667
9/1/18 8:00 AM,71.24166667
9/1/18 9:00 AM,70.4
9/1/18 10:00 AM,72.71666667
9/1/18 11:00 AM,73.5
9/1/18 12:00 PM,74.23333333
9/1/18 1:00 PM,75.55
9/1/18 2:00 PM,77.35
9/1/18 3:00 PM,78.875
9/1/18 4:00 PM,79.00833333
9/1/18 5:00 PM,78.49166667
9/1/18 6:00 PM,77.225
9/1/18 7:00 PM,75.675
9/1/18 8:00 PM,74.61666667
9/1/18 9:00 PM,73.46666667
9/1/18 10:00 PM,73.14
9/2/18 1:00 AM,70.5
9/2/18 2:00 AM,71.675
9/2/18 3:00 AM,71.48
9/2/18 4:00 AM,70.5
9/2/18 5:00 AM,70.20833333
9/2/18 6:00 AM,69.775
9/2/18 8:00 AM,73.36
9/2/18 9:00 AM,73.85555556
9/2/18 3:00 PM,83.0125
9/2/18 4:00 PM,77.59166667
9/2/18 5:00 PM,73.35
9/2/18 6:00 PM,72.81666667
9/2/18 7:00 PM,72.28333333
9/2/18 9:00 PM,70.625
9/2/18 10:00 PM,71.09166667
9/2/18 11:00 PM,71.4
9/3/18 12:00 AM,71.40909091
9/3/18 2:00 AM,71.5
9/3/18 3:00 AM,71.13333333
9/3/18 4:00 AM,71.3
9/3/18 5:00 AM,71.11
9/3/18 6:00 AM,70.46666667
9/3/18 7:00 AM,70.74166667
9/3/18 8:00 AM,71.55
9/3/18 9:00 AM,72.08333333
9/3/18 10:00 AM,71.54166667
9/3/18 11:00 AM,71.76666667
9/3/18 12:00 PM,72.40833333
9/3/18 1:00 PM,73.06666667
9/3/18 2:00 PM,73.35833333
9/3/18 3:00 PM,73.0875
9/3/18 6:00 PM,72.35
9/3/18 7:00 PM,72.125
9/3/18 8:00 PM,71.68333333
9/3/18 9:00 PM,71.35833333
9/3/18 10:00 PM,71.11666667
9/3/18 11:00 PM,70.70833333
9/4/18 12:00 AM,70.65384615
9/4/18 1:00 AM,70.65
9/4/18 2:00 AM,70.98333333
9/4/18 3:00 AM,71.26666667
9/4/18 4:00 AM,71.03333333
9/4/18 5:00 AM,70.51666667
9/4/18 6:00 AM,70.61666667
9/4/18 7:00 AM,74.81666667
9/4/18 8:00 AM,81.96666667
9/4/18 9:00 AM,86.25
9/4/18 10:00 AM,88.975
9/4/18 11:00 AM,89.49166667
9/4/18 12:00 PM,89.05833333
9/4/18 1:00 PM,89.09166667
9/4/18 2:00 PM,88.76666667
9/4/18 3:00 PM,88.425
9/4/18 9:00 PM,78.63333333
9/4/18 10:00 PM,77.99166667
9/4/18 11:00 PM,77.29166667
9/5/18 12:00 AM,77.02222222
9/5/18 5:00 AM,74.35
9/5/18 6:00 AM,74.76666667
9/5/18 7:00 AM,75.09166667
9/5/18 8:00 AM,75.66666667
9/5/18 9:00 AM,75.53333333
9/5/18 10:00 AM,74.8
9/5/18 11:00 AM,73.325
9/5/18 12:00 PM,71.45833333
9/5/18 1:00 PM,72.34166667
9/5/18 2:00 PM,73.09166667
9/5/18 3:00 PM,73.125
9/6/18 5:00 AM,63.65
9/6/18 6:00 AM,63.075
9/6/18 7:00 AM,63.94166667
9/6/18 8:00 AM,71.5
9/6/18 9:00 AM,73.70833333
9/6/18 10:00 AM,74.19166667
9/6/18 11:00 AM,74.38333333
9/6/18 12:00 PM,74.06666667
9/6/18 1:00 PM,73.98333333
9/6/18 2:00 PM,74.2
9/6/18 3:00 PM,74.0375
9/7/18 5:00 AM,57.56666667
9/7/18 6:00 AM,58.35
9/7/18 7:00 AM,59.18333333
9/7/18 8:00 AM,61.78333333
9/7/18 9:00 AM,64.68333333
9/7/18 10:00 AM,64.78333333
9/7/18 11:00 AM,65.36666667
9/7/18 12:00 PM,66.54166667
9/7/18 1:00 PM,67.58333333
9/7/18 2:00 PM,67.63333333
9/7/18 3:00 PM,67.8125
9/10/18 5:00 AM,55.3
9/10/18 6:00 AM,56.73333333
9/10/18 7:00 AM,63.89166667
9/10/18 8:00 AM,69.525
9/10/18 9:00 AM,72.3
9/10/18 10:00 AM,73.075
9/10/18 11:00 AM,73.11666667
9/10/18 12:00 PM,73.025
9/10/18 1:00 PM,72.95
9/10/18 2:00 PM,73.33333333
9/10/18 3:00 PM,73.575
9/11/18 5:00 AM,60.75
9/11/18 6:00 AM,61.725
9/11/18 7:00 AM,66.95
9/11/18 8:00 AM,71.91666667
9/11/18 9:00 AM,75.85
9/11/18 10:00 AM,78.33333333
9/11/18 11:00 AM,79.03333333
9/11/18 12:00 PM,78.88333333
9/11/18 1:00 PM,78.55
9/11/18 2:00 PM,78.53333333
9/11/18 3:00 PM,78.35
9/12/18 5:00 AM,63.5
9/12/18 6:00 AM,63.925
9/12/18 7:00 AM,69.38333333
9/12/18 8:00 AM,74.56666667
9/12/18 9:00 AM,78.14166667
9/12/18 10:00 AM,80.55833333
9/12/18 11:00 AM,81.90833333
9/12/18 12:00 PM,82.925
9/12/18 1:00 PM,82.88333333
9/12/18 2:00 PM,81.91666667
9/12/18 3:00 PM,81.8125
9/12/18 6:00 PM,78.24166667
9/12/18 7:00 PM,76.08333333
9/12/18 8:00 PM,74.8
9/13/18 5:00 AM,61.26666667
9/13/18 6:00 AM,64.35
9/13/18 7:00 AM,71.34166667
9/13/18 8:00 AM,75.59166667
9/13/18 9:00 AM,77.68333333
9/13/18 10:00 AM,78.925
9/13/18 11:00 AM,79.05833333
9/13/18 12:00 PM,79.04166667
9/13/18 1:00 PM,79.35
9/13/18 2:00 PM,79.03333333
9/13/18 3:00 PM,78.725
9/14/18 5:00 AM,64.5
9/14/18 6:00 AM,65.56666667
9/14/18 7:00 AM,71.28333333
9/14/18 8:00 AM,76.86666667
9/14/18 9:00 AM,80.81666667
9/14/18 10:00 AM,83.85833333
9/14/18 11:00 AM,85.19166667
9/14/18 12:00 PM,84.38333333
9/14/18 1:00 PM,84.85
9/14/18 2:00 PM,84.73333333
9/14/18 3:00 PM,84.4
9/17/18 5:00 AM,72
9/17/18 6:00 AM,72.7
9/17/18 7:00 AM,77.88333333
9/17/18 8:00 AM,85.24166667
9/17/18 9:00 AM,89.025
9/17/18 10:00 AM,90.80833333
9/17/18 11:00 AM,90.94166667
9/17/18 12:00 PM,91.26666667
9/17/18 1:00 PM,90.79166667
9/17/18 2:00 PM,91.06666667
9/17/18 3:00 PM,90.75
9/18/18 5:00 AM,67.25
9/18/18 6:00 AM,67.21666667
9/18/18 7:00 AM,67.63333333
9/18/18 8:00 AM,68.10833333
9/18/18 9:00 AM,68.625
9/18/18 10:00 AM,69.24166667
9/18/18 11:00 AM,69.23333333
9/18/18 12:00 PM,69.475
9/18/18 1:00 PM,69.00833333
9/18/18 2:00 PM,71.675
9/18/18 3:00 PM,72.2125
9/19/18 5:00 AM,62.15
9/19/18 6:00 AM,61.15
9/19/18 7:00 AM,60.61666667
9/19/18 8:00 AM,61.75833333
9/19/18 9:00 AM,63.2
9/19/18 10:00 AM,65.05833333
9/19/18 11:00 AM,66.93333333
9/19/18 12:00 PM,68.08333333
9/19/18 1:00 PM,69.03333333
9/19/18 2:00 PM,69.13333333
9/19/18 3:00 PM,67.45
9/20/18 5:00 AM,63
9/20/18 6:00 AM,63.19166667
9/20/18 7:00 AM,63.21666667
9/20/18 8:00 AM,64.1
9/20/18 9:00 AM,65.4
9/20/18 10:00 AM,68.04166667
9/20/18 11:00 AM,68.6
9/20/18 12:00 PM,69.975
9/20/18 1:00 PM,71.64166667
9/20/18 2:00 PM,73.69166667
9/20/18 3:00 PM,74.9875
9/21/18 5:00 AM,69.4
9/21/18 6:00 AM,69.84166667
9/21/18 7:00 AM,70.4
9/21/18 8:00 AM,71.81666667
9/21/18 9:00 AM,70.40833333
9/21/18 10:00 AM,71.175
9/21/18 11:00 AM,70.54166667
9/21/18 12:00 PM,69.84166667
9/21/18 1:00 PM,69.76666667
9/21/18 2:00 PM,69.15
9/21/18 3:00 PM,67.5
9/24/18 5:00 AM,57.15
9/24/18 6:00 AM,57.36666667
9/24/18 7:00 AM,61.14166667
9/24/18 8:00 AM,67.675
9/24/18 9:00 AM,69.275
9/24/18 10:00 AM,72.08333333
9/24/18 11:00 AM,73.31666667
9/24/18 12:00 PM,74.01666667
9/24/18 1:00 PM,74.13333333
9/24/18 2:00 PM,74.45833333
9/24/18 3:00 PM,74.5875
9/25/18 5:00 AM,65.6
9/25/18 6:00 AM,66.08333333
9/25/18 7:00 AM,66.4
9/25/18 8:00 AM,67.425
9/25/18 9:00 AM,68.73333333
9/25/18 10:00 AM,69.70833333
9/25/18 11:00 AM,73.33333333
9/25/18 12:00 PM,76.24166667
9/25/18 1:00 PM,77.26666667
9/25/18 2:00 PM,75.65
9/25/18 3:00 PM,74.275
9/26/18 5:00 AM,54.45
9/26/18 6:00 AM,54.84166667
9/26/18 7:00 AM,58.9
9/26/18 8:00 AM,65.1
9/26/18 9:00 AM,66.26666667
9/26/18 10:00 AM,67.8125
9/26/18 11:00 AM,67.98333333
9/26/18 12:00 PM,68.11666667
9/26/18 1:00 PM,68.59166667
9/26/18 2:00 PM,69
9/26/18 3:00 PM,68.0375
9/26/18 6:00 PM,64.65454545
9/26/18 7:00 PM,61.75833333
9/26/18 8:00 PM,59.8
9/27/18 5:00 AM,53.05
9/27/18 6:00 AM,53.48333333
9/27/18 7:00 AM,57.575
9/27/18 8:00 AM,63.39166667
9/27/18 9:00 AM,66.74166667
9/27/18 10:00 AM,68.88333333
9/27/18 11:00 AM,70.03333333
9/27/18 12:00 PM,68.525
9/27/18 1:00 PM,68.31666667
9/27/18 2:00 PM,68.46666667
9/27/18 3:00 PM,69.4375
9/28/18 5:00 AM,60
9/28/18 6:00 AM,58.13333333
9/28/18 7:00 AM,55.56666667
9/28/18 8:00 AM,55.80833333
9/28/18 9:00 AM,56.54166667
9/28/18 10:00 AM,56.69166667
9/28/18 11:00 AM,57.89166667
9/28/18 12:00 PM,57.68333333
9/28/18 1:00 PM,57.34166667
9/28/18 2:00 PM,59.36666667
9/28/18 3:00 PM,59.2125
10/1/18 5:00 AM,50.45
10/1/18 6:00 AM,50.275
10/1/18 7:00 AM,49.64166667
10/1/18 8:00 AM,49.24166667
10/1/18 9:00 AM,49.35
10/1/18 10:00 AM,49.96666667
10/1/18 11:00 AM,50.61666667
10/1/18 12:00 PM,51.46666667
10/1/18 1:00 PM,51.95
10/1/18 2:00 PM,52.66666667
10/1/18 3:00 PM,53.025
10/2/18 5:00 AM,52.13333333
10/2/18 6:00 AM,52.45833333
10/2/18 7:00 AM,52.90833333
10/2/18 8:00 AM,52.53333333
10/2/18 9:00 AM,53.79166667
10/2/18 10:00 AM,54.425
10/2/18 11:00 AM,55.4
10/2/18 12:00 PM,56.03333333
10/2/18 1:00 PM,56.525
10/2/18 2:00 PM,58.23333333
10/2/18 3:00 PM,58.3
10/3/18 5:00 AM,58.5
10/3/18 6:00 AM,58.8
10/3/18 7:00 AM,60.24166667
10/3/18 8:00 AM,62.3
10/3/18 9:00 AM,65.94166667
10/3/18 10:00 AM,68.66666667
10/3/18 11:00 AM,71.775
10/3/18 12:00 PM,72.56666667
10/3/18 1:00 PM,77.09166667
10/3/18 2:00 PM,78.59166667
10/3/18 3:00 PM,79.3
10/4/18 5:00 AM,48.3
10/4/18 6:00 AM,46.925
10/4/18 7:00 AM,47.85833333
10/4/18 8:00 AM,49.45
10/4/18 9:00 AM,51.54166667
10/4/18 10:00 AM,53.19166667
10/4/18 11:00 AM,54.975
10/4/18 12:00 PM,55.58333333
10/4/18 1:00 PM,56.46666667
10/4/18 2:00 PM,57.63333333
10/4/18 3:00 PM,57.7
10/5/18 5:00 AM,51.4
10/5/18 6:00 AM,51.025
10/5/18 7:00 AM,50.80833333
10/5/18 8:00 AM,50.70833333
10/5/18 9:00 AM,51.74166667
10/5/18 10:00 AM,53.21666667
10/5/18 11:00 AM,54.64166667
10/5/18 12:00 PM,55.69166667
10/5/18 1:00 PM,56.98333333
10/5/18 2:00 PM,58.14166667
10/5/18 3:00 PM,58.8875
10/8/18 5:00 AM,57.45
10/8/18 6:00 AM,57.73333333
10/8/18 7:00 AM,58.94166667
10/8/18 8:00 AM,60.23333333
10/8/18 9:00 AM,62.25833333
10/8/18 10:00 AM,65.85
10/8/18 11:00 AM,68.80833333
10/8/18 12:00 PM,71.26666667
10/8/18 1:00 PM,73.36666667
10/8/18 2:00 PM,74.13333333
10/8/18 3:00 PM,74.1125
10/9/18 5:00 AM,66.8
10/9/18 6:00 AM,66.175
10/9/18 7:00 AM,66.70833333
10/9/18 8:00 AM,71.85833333
10/9/18 9:00 AM,75.43333333
10/9/18 10:00 AM,77.075
10/9/18 11:00 AM,79.31666667
10/9/18 12:00 PM,79.675
10/9/18 1:00 PM,80.55
10/9/18 2:00 PM,79.33333333
10/9/18 3:00 PM,79.2375
10/9/18 6:00 PM,71.6
10/9/18 7:00 PM,71.05833333
10/9/18 8:00 PM,70.64
10/10/18 5:00 AM,69.7
10/10/18 6:00 AM,69
10/10/18 7:00 AM,68.125
10/10/18 8:00 AM,67.85
10/10/18 9:00 AM,68.075
10/10/18 10:00 AM,68.25
10/10/18 11:00 AM,68.625
10/10/18 12:00 PM,69.39166667
10/10/18 1:00 PM,69.78333333
10/10/18 2:00 PM,69.8
10/10/18 3:00 PM,70.5875
10/10/18 6:00 PM,65.58181818
10/10/18 7:00 PM,61.84166667
10/10/18 8:00 PM,59.7
10/11/18 5:00 AM,48.1
10/11/18 6:00 AM,48.275
10/11/18 7:00 AM,47.06666667
10/11/18 8:00 AM,47.44166667
10/11/18 9:00 AM,48.35
10/11/18 10:00 AM,49.23333333
10/11/18 11:00 AM,50.11666667
10/11/18 12:00 PM,50.44166667
10/11/18 1:00 PM,51.41666667
10/11/18 2:00 PM,51.66666667
10/11/18 3:00 PM,51.4125
10/12/18 5:00 AM,40.85
10/12/18 6:00 AM,42.925
10/12/18 7:00 AM,43.5
10/12/18 8:00 AM,43.275
10/12/18 9:00 AM,44.18333333
10/12/18 10:00 AM,44.625
10/12/18 11:00 AM,45.30833333
10/12/18 12:00 PM,46.25833333
10/12/18 1:00 PM,47.65
10/12/18 2:00 PM,48.76666667
10/12/18 3:00 PM,49.625
10/15/18 5:00 AM,41.35
10/15/18 6:00 AM,40.39166667
10/15/18 7:00 AM,39.03333333
10/15/18 8:00 AM,47.85
10/15/18 9:00 AM,49.875
10/15/18 10:00 AM,49.76666667
10/15/18 11:00 AM,49.33333333
10/15/18 12:00 PM,48.73333333
10/15/18 1:00 PM,50.13333333
10/15/18 2:00 PM,50.16666667
10/15/18 3:00 PM,49.75
10/16/18 5:00 AM,40.5
10/16/18 6:00 AM,39.875
10/16/18 7:00 AM,39.68333333
10/16/18 8:00 AM,43.7
10/16/18 9:00 AM,45.88333333
10/16/18 10:00 AM,47.525
10/16/18 11:00 AM,52.35
10/16/18 12:00 PM,54.48333333
10/16/18 1:00 PM,55.8
10/16/18 2:00 PM,57.33333333
10/16/18 3:00 PM,57.7375
10/17/18 5:00 AM,42.8
10/17/18 6:00 AM,42.65833333
10/17/18 7:00 AM,42.89166667
10/17/18 8:00 AM,42.68333333
10/17/18 9:00 AM,42.71666667
10/17/18 10:00 AM,46.88333333
10/17/18 11:00 AM,49.95833333
10/17/18 12:00 PM,51.14166667
10/17/18 1:00 PM,51.89166667
10/17/18 2:00 PM,52.8
10/17/18 3:00 PM,53.1125
10/17/18 4:00 PM,52.57272727
10/17/18 5:00 PM,51.8
10/17/18 6:00 PM,50.925
10/17/18 7:00 PM,50.03333333
10/17/18 8:00 PM,49.04166667
10/17/18 9:00 PM,48.175
10/18/18 5:00 AM,39.1
10/18/18 6:00 AM,38.25
10/18/18 7:00 AM,39.575
10/18/18 8:00 AM,47.51666667
10/18/18 9:00 AM,51.20833333
10/18/18 10:00 AM,54.23333333
10/18/18 11:00 AM,56.15833333
10/18/18 12:00 PM,56.86666667
10/18/18 1:00 PM,57.85
10/18/18 2:00 PM,59.14166667
10/18/18 3:00 PM,59.7
10/19/18 5:00 AM,51.05
10/19/18 6:00 AM,51.91666667
10/19/18 7:00 AM,51.5
10/19/18 8:00 AM,50.79166667
10/19/18 9:00 AM,50.29166667
10/19/18 10:00 AM,50.8
10/19/18 11:00 AM,52.24166667
10/19/18 12:00 PM,52.33333333
10/19/18 1:00 PM,54.2
10/19/18 2:00 PM,55.60833333
10/19/18 3:00 PM,55.2125
10/22/18 5:00 AM,43.4
10/22/18 6:00 AM,42.3
10/22/18 7:00 AM,41.40833333
10/22/18 8:00 AM,44.725
10/22/18 9:00 AM,52.39166667
10/22/18 10:00 AM,55.01666667
10/22/18 11:00 AM,58.575
10/22/18 12:00 PM,59.70833333
10/22/18 1:00 PM,61.11666667
10/22/18 2:00 PM,62.47272727
10/22/18 3:00 PM,62.05
10/23/18 5:00 AM,42.2
10/23/18 6:00 AM,41.65
10/23/18 7:00 AM,42.95833333
10/23/18 8:00 AM,47.45833333
10/23/18 9:00 AM,47.89166667
10/23/18 10:00 AM,50.725
10/23/18 11:00 AM,52.825
10/23/18 12:00 PM,53.35
10/23/18 1:00 PM,54.09166667
10/23/18 2:00 PM,55.425
10/23/18 3:00 PM,55.5
10/24/18 5:00 AM,42.85
10/24/18 6:00 AM,41.3
10/24/18 7:00 AM,40.7
10/24/18 8:00 AM,46.76666667
10/24/18 9:00 AM,49.91666667
10/24/18 10:00 AM,51.7
10/24/18 11:00 AM,52.76666667
10/24/18 12:00 PM,53.95833333
10/24/18 1:00 PM,56.54166667
10/24/18 2:00 PM,56.55833333
10/24/18 3:00 PM,56.475
10/24/18 6:00 PM,52.23636364
10/24/18 7:00 PM,50.525
10/24/18 8:00 PM,49.5
10/25/18 5:00 AM,45.35
10/25/18 6:00 AM,44.425
10/25/18 7:00 AM,42.53333333
10/25/18 8:00 AM,43.225
10/25/18 9:00 AM,46.4
10/25/18 10:00 AM,49.76666667
10/25/18 11:00 AM,50.01666667
10/25/18 12:00 PM,50.15
10/25/18 1:00 PM,51.21666667
10/25/18 2:00 PM,52.51666667
10/25/18 3:00 PM,53.6375
10/26/18 5:00 AM,46.65
10/26/18 6:00 AM,47.19166667
10/26/18 7:00 AM,45.35833333
10/26/18 8:00 AM,45.50833333
10/26/18 9:00 AM,46.6
10/26/18 10:00 AM,48.08333333
10/26/18 11:00 AM,49.575
10/26/18 12:00 PM,50.94166667
10/26/18 1:00 PM,52.3
10/26/18 2:00 PM,52.70833333
10/26/18 3:00 PM,52.9625
10/29/18 5:00 AM,47.7
10/29/18 6:00 AM,47.225
10/29/18 7:00 AM,46.96666667
10/29/18 8:00 AM,46.70833333
10/29/18 9:00 AM,47.725
10/29/18 10:00 AM,49.71666667
10/29/18 11:00 AM,50.9
10/29/18 12:00 PM,50.90833333
10/29/18 1:00 PM,51.44166667
10/29/18 2:00 PM,52.00833333
10/29/18 3:00 PM,52.5875
10/30/18 5:00 AM,44.4
10/30/18 6:00 AM,44.54166667
10/30/18 7:00 AM,44.91666667
10/30/18 8:00 AM,46.78333333
10/30/18 9:00 AM,49.26666667
10/30/18 10:00 AM,50.78333333
10/30/18 11:00 AM,52.30833333
10/30/18 12:00 PM,54.59166667
10/30/18 1:00 PM,56.15833333
10/30/18 2:00 PM,55.14166667
10/30/18 3:00 PM,54.95
10/31/18 5:00 AM,46.2
10/31/18 6:00 AM,46.7
10/31/18 7:00 AM,46.11666667
10/31/18 8:00 AM,48.15833333
10/31/18 9:00 AM,53.275
10/31/18 10:00 AM,54.84166667
10/31/18 11:00 AM,56.45833333
10/31/18 12:00 PM,57.95
10/31/18 1:00 PM,59.01666667
10/31/18 2:00 PM,60.225
10/31/18 3:00 PM,60.2375
11/1/18 5:00 AM,47.75
11/1/18 6:00 AM,47.63333333
11/1/18 7:00 AM,45.30833333
11/1/18 8:00 AM,44.85
11/1/18 9:00 AM,45.38333333
11/1/18 10:00 AM,48.75833333
11/1/18 11:00 AM,51.08333333
11/1/18 12:00 PM,51.13333333
11/1/18 1:00 PM,50.99166667
11/1/18 2:00 PM,51.00833333
11/1/18 3:00 PM,51.35
11/2/18 5:00 AM,40.55
11/2/18 6:00 AM,39.16666667
11/2/18 7:00 AM,36.725
11/2/18 8:00 AM,40.10833333
11/2/18 9:00 AM,42.65
11/2/18 10:00 AM,45.66666667
11/2/18 11:00 AM,47.41666667
11/2/18 12:00 PM,47.61666667
11/2/18 1:00 PM,48.2
11/2/18 2:00 PM,48.65
11/2/18 3:00 PM,49.375
11/5/18 5:00 AM,44.95
11/5/18 6:00 AM,44.61666667
11/5/18 7:00 AM,44.075
11/5/18 8:00 AM,44.60833333
11/5/18 9:00 AM,44.78333333
11/5/18 10:00 AM,46.81666667
11/5/18 11:00 AM,47.39166667
11/5/18 12:00 PM,48.28333333
11/5/18 1:00 PM,49.025
11/5/18 2:00 PM,49.13333333
11/5/18 3:00 PM,48.3125
11/6/18 5:00 AM,46.85
11/6/18 6:00 AM,46.94166667
11/6/18 7:00 AM,46.25
11/6/18 8:00 AM,46.43333333
11/6/18 9:00 AM,47.075
11/6/18 10:00 AM,48.18333333
11/6/18 11:00 AM,47.94166667
11/6/18 12:00 PM,48.79166667
11/6/18 1:00 PM,47.63333333
11/6/18 2:00 PM,48.03333333
11/6/18 3:00 PM,47.3625
11/7/18 5:00 AM,39.1
11/7/18 6:00 AM,38.18333333
11/7/18 7:00 AM,37.81666667
11/7/18 8:00 AM,37.41666667
11/7/18 9:00 AM,38.23333333
11/7/18 10:00 AM,38.65
11/7/18 11:00 AM,39.46666667
11/7/18 12:00 PM,39.48333333
11/7/18 1:00 PM,39.39166667
11/7/18 2:00 PM,38.80833333
11/7/18 3:00 PM,39.1125
11/7/18 6:00 PM,37.92727273
11/7/18 7:00 PM,38.05833333
11/7/18 8:00 PM,38.2
11/8/18 5:00 AM,37.5
11/8/18 6:00 AM,35.44166667
11/8/18 7:00 AM,34.65833333
11/8/18 8:00 AM,34.13333333
11/8/18 9:00 AM,34.45833333
11/8/18 10:00 AM,35.1
11/8/18 11:00 AM,36.80833333
11/8/18 12:00 PM,37.69166667
11/8/18 1:00 PM,37.75833333
11/8/18 2:00 PM,38.30833333
11/8/18 3:00 PM,38.225
11/8/18 4:00 PM,38.35833333
11/8/18 5:00 PM,36.65
11/8/18 6:00 PM,35.76666667
11/8/18 7:00 PM,36.475
11/8/18 8:00 PM,36.475
11/9/18 5:00 AM,35.25
11/9/18 6:00 AM,33.28333333
11/9/18 7:00 AM,31.95
11/9/18 8:00 AM,32.55
11/9/18 9:00 AM,33.65833333
11/9/18 10:00 AM,31.71666667
11/9/18 11:00 AM,33.98333333
11/9/18 12:00 PM,35.29166667
11/9/18 1:00 PM,35.21666667
11/9/18 2:00 PM,35.20833333
11/9/18 3:00 PM,33.125
11/12/18 5:00 AM,32.3
11/12/18 6:00 AM,29.55
11/12/18 7:00 AM,29.41666667
11/12/18 8:00 AM,29.15833333
11/12/18 9:00 AM,28.81666667
11/12/18 10:00 AM,28.58333333
11/12/18 11:00 AM,28.16666667
11/12/18 12:00 PM,27.74166667
11/12/18 1:00 PM,28.45833333
11/12/18 2:00 PM,28.85
11/12/18 3:00 PM,28.25
11/13/18 5:00 AM,19.45
11/13/18 6:00 AM,20.55833333
11/13/18 7:00 AM,21.66666667
11/13/18 8:00 AM,24.275
11/13/18 9:00 AM,25.625
11/13/18 10:00 AM,27.18333333
11/13/18 11:00 AM,27.44166667
11/13/18 12:00 PM,28.81666667
11/13/18 1:00 PM,29.65
11/13/18 2:00 PM,31.1
11/13/18 3:00 PM,31.7125
11/13/18 6:00 PM,29.24166667
11/13/18 7:00 PM,28.25555556
11/14/18 5:00 AM,23.95
11/14/18 6:00 AM,23.31666667
11/14/18 7:00 AM,25.09166667
11/14/18 8:00 AM,28.15
11/14/18 9:00 AM,29.575
11/14/18 10:00 AM,29.94166667
11/14/18 11:00 AM,31.19166667
11/14/18 12:00 PM,32.54166667
11/14/18 1:00 PM,33.53333333
11/14/18 2:00 PM,34.66666667
11/14/18 3:00 PM,34.2125
11/15/18 5:00 AM,27.3
11/15/18 6:00 AM,26.33333333
11/15/18 7:00 AM,27.575
11/15/18 8:00 AM,34.13333333
11/15/18 9:00 AM,36.3
11/15/18 10:00 AM,37.7
11/15/18 11:00 AM,39.525
11/15/18 12:00 PM,40.99166667
11/15/18 1:00 PM,42.22
11/15/18 2:00 PM,41.64166667
11/15/18 3:00 PM,40.875
11/16/18 5:00 AM,37.75
11/16/18 6:00 AM,38.08333333
11/16/18 7:00 AM,37.75833333
11/16/18 8:00 AM,37.9
11/16/18 9:00 AM,39.31666667
11/16/18 10:00 AM,40.06666667
11/16/18 11:00 AM,40.51666667
11/16/18 12:00 PM,40.3
11/16/18 1:00 PM,39.825
11/16/18 2:00 PM,40.04166667
11/16/18 3:00 PM,39.4125
11/19/18 5:00 AM,28.8
11/19/18 6:00 AM,29.025
11/19/18 7:00 AM,29.05
11/19/18 8:00 AM,29.38333333
11/19/18 9:00 AM,31.975
11/19/18 10:00 AM,33.30833333
11/19/18 11:00 AM,35.71666667
11/19/18 12:00 PM,34.88333333
11/19/18 1:00 PM,33.35
11/19/18 2:00 PM,33.21666667
11/19/18 3:00 PM,34.45
11/20/18 5:00 AM,32.45
11/20/18 6:00 AM,31.525
11/20/18 7:00 AM,31.05
11/20/18 8:00 AM,30.91666667
11/20/18 9:00 AM,34.325
11/20/18 10:00 AM,34.1
11/20/18 11:00 AM,34.63333333
11/20/18 12:00 PM,35.375
11/20/18 1:00 PM,34.01666667
11/20/18 2:00 PM,34.19166667
11/20/18 3:00 PM,33.1875
11/26/18 5:00 AM,25.6
11/26/18 6:00 AM,25.36666667
11/26/18 7:00 AM,25.675
11/26/18 8:00 AM,25.35
11/26/18 9:00 AM,25.98333333
11/26/18 10:00 AM,26.625
11/26/18 11:00 AM,27.575
11/26/18 12:00 PM,28.425
11/26/18 1:00 PM,28.90833333
11/26/18 2:00 PM,29.725
11/26/18 3:00 PM,29.725
11/27/18 5:00 AM,23.75
11/27/18 6:00 AM,21.63333333
11/27/18 7:00 AM,21.35833333
11/27/18 8:00 AM,23.49166667
11/27/18 9:00 AM,23.5
11/27/18 10:00 AM,25.10833333
11/27/18 11:00 AM,26.88333333
11/27/18 12:00 PM,27.325
11/27/18 1:00 PM,26.9
11/27/18 2:00 PM,27.11666667
11/27/18 3:00 PM,27.0625
11/28/18 5:00 AM,25.95
11/28/18 6:00 AM,25.08333333
11/28/18 7:00 AM,24.625
11/28/18 8:00 AM,24.78333333
11/28/18 9:00 AM,25.69166667
11/28/18 10:00 AM,27.05
11/28/18 11:00 AM,28.76666667
11/28/18 12:00 PM,30.20833333
11/28/18 1:00 PM,30.23333333
11/28/18 2:00 PM,30.3
11/28/18 3:00 PM,29.4125
11/29/18 5:00 AM,27
11/29/18 6:00 AM,27.6
11/29/18 7:00 AM,27.83333333
11/29/18 8:00 AM,28.375
11/29/18 9:00 AM,28.89166667
11/29/18 10:00 AM,31.225
11/29/18 11:00 AM,32.26666667
11/29/18 12:00 PM,33.25833333
11/29/18 1:00 PM,33.875
11/29/18 2:00 PM,34.74166667
11/29/18 3:00 PM,35.4125
11/30/18 5:00 AM,36.95
11/30/18 6:00 AM,36.26666667
11/30/18 7:00 AM,34.825
11/30/18 8:00 AM,32.94166667
11/30/18 9:00 AM,33.15
11/30/18 10:00 AM,33.65833333
11/30/18 11:00 AM,34.56666667
11/30/18 12:00 PM,34.25833333
11/30/18 1:00 PM,34.28333333
11/30/18 2:00 PM,35.625
11/30/18 3:00 PM,35.775
12/3/18 5:00 AM,30.75
12/3/18 6:00 AM,31.19166667
12/3/18 7:00 AM,30.925
12/3/18 8:00 AM,29.94166667
12/3/18 9:00 AM,29.7
12/3/18 10:00 AM,29.53333333
12/3/18 11:00 AM,29.55
12/3/18 12:00 PM,29.53333333
12/3/18 1:00 PM,28.91666667
12/3/18 2:00 PM,29.66666667
12/3/18 3:00 PM,29.6375
12/4/18 5:00 AM,33.95
12/4/18 6:00 AM,32.85833333
12/4/18 7:00 AM,32.19166667
12/4/18 8:00 AM,32.05
12/4/18 9:00 AM,32.81666667
12/4/18 10:00 AM,34.2
12/4/18 11:00 AM,35.61666667
12/4/18 12:00 PM,34.55
12/4/18 1:00 PM,33.44166667
12/4/18 2:00 PM,34.00833333
12/4/18 3:00 PM,34.0125
12/5/18 5:00 AM,30.8
12/5/18 6:00 AM,29.63333333
12/5/18 7:00 AM,28.33333333
12/5/18 8:00 AM,28.275
12/5/18 9:00 AM,29.79166667
12/5/18 10:00 AM,32.76666667
12/5/18 11:00 AM,34.23333333
12/5/18 12:00 PM,34.975
12/5/18 1:00 PM,34.425
12/5/18 2:00 PM,34.5
12/5/18 3:00 PM,34.475
12/5/18 6:00 PM,34.51818182
12/5/18 7:00 PM,34.10833333
12/5/18 8:00 PM,33.4
12/6/18 5:00 AM,24.55
12/6/18 6:00 AM,24.55
12/6/18 7:00 AM,24.04166667
12/6/18 8:00 AM,25.04166667
12/6/18 9:00 AM,27.89166667
12/6/18 10:00 AM,27.89166667
12/6/18 11:00 AM,27.63333333
12/6/18 12:00 PM,27.875
12/6/18 1:00 PM,28.45
12/6/18 2:00 PM,29.09166667
12/6/18 3:00 PM,28.4625
12/7/18 5:00 AM,24.8
12/7/18 6:00 AM,24.04166667
12/7/18 7:00 AM,23.075
12/7/18 8:00 AM,23.21666667
12/7/18 9:00 AM,25.80833333
12/7/18 10:00 AM,27.25
12/7/18 11:00 AM,27.25
12/7/18 12:00 PM,26.83333333
12/7/18 1:00 PM,25.74166667
12/7/18 2:00 PM,26.2
12/7/18 3:00 PM,26.45
12/10/18 5:00 AM,26.95
12/10/18 6:00 AM,25.48333333
12/10/18 7:00 AM,24.46666667
12/10/18 8:00 AM,26.85
12/10/18 9:00 AM,30.98333333
12/10/18 10:00 AM,34.025
12/10/18 11:00 AM,35.11666667
12/10/18 12:00 PM,36.06666667
12/10/18 1:00 PM,36.66666667
12/10/18 2:00 PM,37.28333333
12/10/18 3:00 PM,36.75
12/11/18 5:00 AM,28.75
12/11/18 6:00 AM,27.48333333
12/11/18 7:00 AM,26.75
12/11/18 8:00 AM,30.43333333
12/11/18 9:00 AM,31.225
12/11/18 10:00 AM,31.10833333
12/11/18 11:00 AM,32.48333333
12/11/18 12:00 PM,32.5
12/11/18 1:00 PM,33.1
12/11/18 2:00 PM,33.44166667
12/11/18 3:00 PM,29.8625
12/11/18 6:00 PM,25.87272727
12/11/18 7:00 PM,26.02
12/12/18 5:00 AM,32.4
12/12/18 6:00 AM,32.93333333
12/12/18 7:00 AM,32.56666667
12/12/18 8:00 AM,32.81666667
12/12/18 9:00 AM,33.85
12/12/18 10:00 AM,35
12/12/18 11:00 AM,33.06666667
12/12/18 12:00 PM,31.29166667
12/12/18 1:00 PM,31.01666667
12/12/18 2:00 PM,31.66666667
12/12/18 3:00 PM,32.1125
12/13/18 5:00 AM,30.95
12/13/18 6:00 AM,30.38333333
12/13/18 7:00 AM,29.03333333
12/13/18 8:00 AM,30.925
12/13/18 9:00 AM,30.81666667
12/13/18 10:00 AM,32.675
12/13/18 11:00 AM,34.64166667
12/13/18 12:00 PM,36.51666667
12/13/18 1:00 PM,37.075
12/13/18 2:00 PM,38.11666667
12/13/18 3:00 PM,39.0125
12/14/18 5:00 AM,32.25
12/14/18 6:00 AM,31.31666667
12/14/18 7:00 AM,31.63333333
12/14/18 8:00 AM,32.825
12/14/18 9:00 AM,33.04166667
12/14/18 10:00 AM,33.78333333
12/14/18 11:00 AM,35.43333333
12/14/18 12:00 PM,37.61666667
12/14/18 1:00 PM,39.875
12/14/18 2:00 PM,40.95
12/14/18 3:00 PM,40.7875
12/17/18 5:00 AM,34.3
12/17/18 6:00 AM,32.63333333
12/17/18 7:00 AM,32.05
12/17/18 8:00 AM,33.95833333
12/17/18 9:00 AM,35.3
12/17/18 10:00 AM,37.4
12/17/18 11:00 AM,39.25
12/17/18 12:00 PM,39.76666667
12/17/18 1:00 PM,40.475
12/17/18 2:00 PM,41.225
12/17/18 3:00 PM,41.0375
12/18/18 5:00 AM,29.2
12/18/18 6:00 AM,27.75833333
12/18/18 7:00 AM,27.91666667
12/18/18 8:00 AM,31.79166667
12/18/18 9:00 AM,34.65833333
12/18/18 10:00 AM,37.83333333
12/18/18 11:00 AM,40.38333333
12/18/18 12:00 PM,42.63333333
12/18/18 1:00 PM,43.38333333
12/18/18 2:00 PM,43.64166667
12/18/18 3:00 PM,43.8375
12/19/18 5:00 AM,35.7
12/19/18 6:00 AM,35.53333333
12/19/18 7:00 AM,35.31666667
12/19/18 8:00 AM,36.275
12/19/18 9:00 AM,37.98333333
12/19/18 10:00 AM,39.2
12/19/18 11:00 AM,40.875
12/19/18 12:00 PM,42.23333333
12/19/18 1:00 PM,42.84166667
12/19/18 2:00 PM,44.275
12/19/18 3:00 PM,43.4125
12/19/18 6:00 PM,43.02727273
12/19/18 7:00 PM,42.99166667
12/19/18 8:00 PM,42.8
12/20/18 5:00 AM,44.1
12/20/18 6:00 AM,43.96666667
12/20/18 7:00 AM,43.85
12/20/18 8:00 AM,43.75
12/20/18 9:00 AM,43.01666667
12/20/18 10:00 AM,41.075
12/20/18 11:00 AM,41.91666667
12/20/18 12:00 PM,41.98333333
12/20/18 1:00 PM,40.86666667
12/20/18 2:00 PM,41.79166667
12/20/18 3:00 PM,40.6
12/21/18 5:00 AM,32.35
12/21/18 6:00 AM,31.70833333
12/21/18 7:00 AM,31.05833333
12/21/18 8:00 AM,30.55
12/21/18 9:00 AM,30.84166667
12/21/18 10:00 AM,31.05
12/21/18 11:00 AM,31.2
12/21/18 12:00 PM,30.99166667
12/21/18 1:00 PM,30.95833333
12/21/18 2:00 PM,30.90833333
12/21/18 3:00 PM,30.4875
12/27/18 7:00 AM,36.3
12/27/18 8:00 AM,36.36666667
1/2/19 5:00 AM,23.15
1/2/19 6:00 AM,22.825
1/2/19 7:00 AM,24.31666667
1/2/19 8:00 AM,25.01666667
1/2/19 9:00 AM,27.2
1/2/19 10:00 AM,29.41666667
1/2/19 11:00 AM,29.86666667
1/2/19 12:00 PM,30.325
1/2/19 1:00 PM,29.65
1/2/19 2:00 PM,28.38333333
1/2/19 3:00 PM,27.125
1/3/19 5:00 AM,24.55
1/3/19 6:00 AM,23.63333333
1/3/19 7:00 AM,23.325
1/3/19 8:00 AM,27.2
1/3/19 9:00 AM,30.65
1/3/19 10:00 AM,32.83333333
1/3/19 11:00 AM,33.71666667
1/3/19 12:00 PM,34.175
1/3/19 1:00 PM,35.38333333
1/3/19 2:00 PM,36.725
1/3/19 3:00 PM,37.0875
1/4/19 5:00 AM,36.4
1/4/19 6:00 AM,35.48333333
1/4/19 7:00 AM,34.90833333
1/4/19 8:00 AM,38.58333333
1/4/19 9:00 AM,41.31538462
1/4/19 10:00 AM,43.39166667
1/4/19 11:00 AM,43.96666667
1/4/19 12:00 PM,44.43333333
1/4/19 1:00 PM,45.10833333
1/4/19 2:00 PM,45.58333333
1/4/19 3:00 PM,45.6625
1/7/19 5:00 AM,36.7
1/7/19 6:00 AM,37.575
1/7/19 7:00 AM,39.59166667
1/7/19 8:00 AM,40.31666667
1/7/19 9:00 AM,41.35
1/7/19 10:00 AM,42.49166667
1/7/19 11:00 AM,43.46666667
1/7/19 12:00 PM,44.525
1/7/19 1:00 PM,45.65
1/7/19 2:00 PM,46.62727273
1/7/19 3:00 PM,46.6875
1/8/19 5:00 AM,40.8
1/8/19 6:00 AM,40.91666667
1/8/19 7:00 AM,39.85
1/8/19 8:00 AM,39.625
1/8/19 9:00 AM,43.55833333
1/8/19 10:00 AM,45.58333333
1/8/19 11:00 AM,44.39166667
1/8/19 12:00 PM,43.5
1/8/19 1:00 PM,41.61666667
1/8/19 2:00 PM,40.125
1/8/19 3:00 PM,39.6
1/9/19 5:00 AM,23.35
1/9/19 6:00 AM,19.85
1/9/19 7:00 AM,19.675
1/9/19 8:00 AM,19.53333333
1/9/19 9:00 AM,18.96666667
1/9/19 10:00 AM,19.275
1/9/19 11:00 AM,19.98333333
1/9/19 12:00 PM,21.5
1/9/19 1:00 PM,22.9
1/9/19 2:00 PM,23.54166667
1/9/19 3:00 PM,23.2375
1/10/19 5:00 AM,17.15
1/10/19 6:00 AM,17.00833333
1/10/19 7:00 AM,17.33333333
1/10/19 8:00 AM,17.86666667
1/10/19 9:00 AM,20.35833333
1/10/19 10:00 AM,23.21666667
1/10/19 11:00 AM,23.63333333
1/10/19 12:00 PM,24.75833333
1/10/19 1:00 PM,25.95
1/10/19 2:00 PM,26.525
1/10/19 3:00 PM,27
1/11/19 5:00 AM,21.5
1/11/19 6:00 AM,20.83333333
1/11/19 7:00 AM,20.58333333
1/11/19 8:00 AM,23.41666667
1/11/19 9:00 AM,26.175
1/11/19 10:00 AM,26.49166667
1/11/19 11:00 AM,26.41666667
1/11/19 12:00 PM,27.20833333
1/11/19 1:00 PM,27.9
1/11/19 2:00 PM,28.33333333
1/11/19 3:00 PM,28.35
1/14/19 5:00 AM,30.45
1/14/19 6:00 AM,29.725
1/14/19 7:00 AM,29.01666667
1/14/19 8:00 AM,29.20833333
1/14/19 9:00 AM,30.125
1/14/19 10:00 AM,31.65833333
1/14/19 11:00 AM,32.78333333
1/14/19 12:00 PM,33.99166667
1/14/19 1:00 PM,33.2
1/14/19 2:00 PM,33.18333333
1/14/19 3:00 PM,32.425
1/15/19 5:00 AM,33.8
1/15/19 6:00 AM,33.06666667
1/15/19 7:00 AM,32.00833333
1/15/19 8:00 AM,31.425
1/15/19 9:00 AM,31.24166667
1/15/19 10:00 AM,31.35
1/15/19 11:00 AM,31.49166667
1/15/19 12:00 PM,31.13333333
1/15/19 1:00 PM,31.08333333
1/15/19 2:00 PM,31.96666667
1/15/19 3:00 PM,32.075
1/16/19 5:00 AM,30.65
1/16/19 6:00 AM,28.575
1/16/19 7:00 AM,27.3
1/16/19 8:00 AM,26.80833333
1/16/19 9:00 AM,26.975
1/16/19 10:00 AM,28.725
1/16/19 11:00 AM,29.575
1/16/19 12:00 PM,29.78333333
1/16/19 1:00 PM,29.48333333
1/16/19 2:00 PM,29.34166667
1/16/19 3:00 PM,28.775
1/16/19 4:00 PM,28.7
1/16/19 5:00 PM,28.14166667
1/16/19 6:00 PM,26.9
1/16/19 7:00 PM,25.975
1/16/19 8:00 PM,25.48333333
1/16/19 9:00 PM,25.075
1/17/19 5:00 AM,28.45
1/17/19 6:00 AM,28.175
1/17/19 7:00 AM,27.85833333
1/17/19 8:00 AM,27.8
1/17/19 9:00 AM,28.775
1/17/19 10:00 AM,29.825
1/17/19 11:00 AM,31.63333333
1/17/19 12:00 PM,32.96666667
1/17/19 1:00 PM,33.675
1/17/19 2:00 PM,34.275
1/17/19 3:00 PM,35.15
1/18/19 5:00 AM,20.65
1/18/19 6:00 AM,20.19166667
1/18/19 7:00 AM,19.60833333
1/18/19 8:00 AM,18.91666667
1/18/19 9:00 AM,20.375
1/18/19 10:00 AM,22.525
1/18/19 11:00 AM,23.8
1/18/19 12:00 PM,24.01666667
1/18/19 1:00 PM,23.53333333
1/18/19 2:00 PM,22.00833333
1/18/19 3:00 PM,20.8625
1/21/19 8:00 AM,10.85
1/21/19 9:00 AM,10.425
1/21/19 10:00 AM,11.01666667
1/21/19 11:00 AM,14.20833333
1/21/19 12:00 PM,15.40833333
1/21/19 1:00 PM,15.61666667
1/21/19 2:00 PM,16.06666667
1/21/19 3:00 PM,15.975
1/22/19 5:00 AM,14.9
1/22/19 6:00 AM,15.63333333
1/22/19 7:00 AM,17.25
1/22/19 8:00 AM,17.71666667
1/22/19 9:00 AM,18.275
1/22/19 10:00 AM,19.475
1/22/19 11:00 AM,21.675
1/22/19 12:00 PM,23.33333333
1/22/19 1:00 PM,24.1
1/22/19 2:00 PM,25.00833333
1/22/19 3:00 PM,26.2625
1/23/19 5:00 AM,18.9
1/23/19 6:00 AM,18.38333333
1/23/19 7:00 AM,18.075
1/24/19 5:00 AM,19.3
1/24/19 6:00 AM,19.8
1/24/19 7:00 AM,19.65833333
1/24/19 8:00 AM,19.51666667
1/24/19 9:00 AM,21.88333333
1/24/19 10:00 AM,25.09166667
1/24/19 11:00 AM,25.94166667
1/24/19 12:00 PM,26.08333333
1/24/19 1:00 PM,27.08333333
1/24/19 2:00 PM,27.24166667
1/24/19 3:00 PM,26.275
1/25/19 5:00 AM,-0.7
1/25/19 6:00 AM,-1.075
1/25/19 7:00 AM,-1.416666667
1/28/19 5:00 AM,16.6
1/28/19 6:00 AM,17.81666667
1/28/19 7:00 AM,18.9
1/29/19 5:00 AM,6.65
1/29/19 6:00 AM,5.266666667
1/29/19 7:00 AM,3.658333333
1/29/19 8:00 AM,10.48333333
1/29/19 9:00 AM,12.84166667
1/29/19 10:00 AM,11.73333333
1/29/19 11:00 AM,9.033333333
1/29/19 12:00 PM,8.175
1/29/19 1:00 PM,7.316666667
1/29/19 2:00 PM,6.825
1/29/19 3:00 PM,5.3625
2/1/19 5:00 AM,2.2
2/1/19 6:00 AM,2.033333333
2/1/19 7:00 AM,3.108333333
2/1/19 8:00 AM,5.983333333
2/1/19 9:00 AM,7.366666667
2/1/19 10:00 AM,10.11666667
2/1/19 11:00 AM,12.925
2/1/19 12:00 PM,14.81666667
2/1/19 1:00 PM,17.48333333
2/1/19 2:00 PM,16.825
2/1/19 3:00 PM,15.9625
2/4/19 5:00 AM,43.2
2/4/19 6:00 AM,42.58333333
2/4/19 7:00 AM,43.075
2/4/19 8:00 AM,44.08333333
2/4/19 9:00 AM,45.125
2/4/19 10:00 AM,45.88333333
2/4/19 11:00 AM,47.6
2/4/19 12:00 PM,46.86666667
2/4/19 1:00 PM,45.08333333
2/4/19 2:00 PM,43.41666667
2/4/19 3:00 PM,41.45
2/5/19 5:00 AM,21.4
2/5/19 6:00 AM,21.53333333
2/5/19 7:00 AM,22.10833333
2/5/19 8:00 AM,23.15833333
2/5/19 9:00 AM,23.95833333
2/5/19 10:00 AM,25.94166667
2/5/19 11:00 AM,26.275
2/5/19 12:00 PM,26.60833333
2/5/19 1:00 PM,27.20833333
2/5/19 2:00 PM,26.63333333
2/5/19 3:00 PM,26.3875
2/6/19 5:00 AM,23.3
2/6/19 6:00 AM,22.91666667
2/6/19 7:00 AM,22.70833333
2/6/19 8:00 AM,23.23333333
2/6/19 9:00 AM,24.89166667
2/6/19 10:00 AM,26.25833333
2/6/19 11:00 AM,27.04166667
2/6/19 12:00 PM,28.75833333
2/6/19 1:00 PM,29.675
2/6/19 2:00 PM,30.55
2/6/19 3:00 PM,30.4875
2/7/19 5:00 AM,25.5
2/7/19 6:00 AM,25.19166667
2/7/19 7:00 AM,25.38571429
2/8/19 5:00 AM,9
2/8/19 6:00 AM,7.308333333
2/8/19 7:00 AM,6.608333333
2/8/19 8:00 AM,10.675
2/8/19 9:00 AM,12.65833333
2/8/19 10:00 AM,12.875
2/8/19 11:00 AM,12.325
2/8/19 12:00 PM,12.33333333
2/8/19 1:00 PM,13.35
2/8/19 2:00 PM,13.88333333
2/8/19 3:00 PM,14.35
2/9/19 7:00 AM,8.441666667
2/9/19 8:00 AM,16.28333333
2/9/19 9:00 AM,16.21666667
2/9/19 10:00 AM,15.13333333
2/9/19 11:00 AM,16.625
2/9/19 12:00 PM,17.325
2/9/19 1:00 PM,17.975
2/9/19 2:00 PM,20.14166667
2/9/19 3:00 PM,20.2
2/9/19 4:00 PM,20.54166667
2/9/19 5:00 PM,19.1
2/11/19 5:00 AM,24.6
2/11/19 6:00 AM,24.45833333
2/11/19 7:00 AM,23.9
2/11/19 8:00 AM,23.675
2/11/19 9:00 AM,24.59166667
2/11/19 10:00 AM,25.26666667
2/11/19 11:00 AM,25.95833333
2/11/19 12:00 PM,27.675
2/11/19 1:00 PM,27.39166667
2/11/19 2:00 PM,27.31666667
2/11/19 3:00 PM,27.4625
2/12/19 5:00 AM,27
2/12/19 6:00 AM,27.17272727
2/13/19 5:00 AM,20.45
2/13/19 6:00 AM,19.61666667
2/13/19 7:00 AM,20.05
2/13/19 8:00 AM,27.45833333
2/13/19 9:00 AM,28.89166667
2/13/19 10:00 AM,28.75
2/13/19 11:00 AM,27.05833333
2/13/19 12:00 PM,26.9
2/13/19 1:00 PM,28.18333333
2/13/19 2:00 PM,30.31666667
2/13/19 3:00 PM,31.325
2/13/19 5:00 PM,27.3
2/13/19 6:00 PM,25.23333333
2/13/19 7:00 PM,22.375
2/13/19 8:00 PM,22.7
2/14/19 5:00 AM,25.35
2/14/19 6:00 AM,26.34166667
2/14/19 7:00 AM,29.54166667
2/14/19 8:00 AM,30.79166667
2/14/19 9:00 AM,33.44166667
2/14/19 10:00 AM,35.40833333
2/14/19 11:00 AM,38.01666667
2/14/19 12:00 PM,40.325
2/14/19 1:00 PM,41.43333333
2/14/19 2:00 PM,41.45833333
2/14/19 3:00 PM,41.8
2/15/19 5:00 AM,13.15
2/15/19 6:00 AM,12.35
2/15/19 7:00 AM,16.68333333
2/15/19 8:00 AM,20.4
2/15/19 9:00 AM,21.19166667
2/15/19 10:00 AM,21.33333333
2/15/19 11:00 AM,20.225
2/15/19 12:00 PM,21.13333333
2/15/19 1:00 PM,21.60833333
2/15/19 2:00 PM,23.14166667
2/15/19 3:00 PM,23.6125
2/18/19 5:00 AM,16.5
2/18/19 6:00 AM,15.10833333
2/18/19 7:00 AM,16.85833333
2/18/19 8:00 AM,17.80833333
2/18/19 9:00 AM,21.35833333
2/18/19 10:00 AM,23.44166667
2/18/19 11:00 AM,23.06666667
2/18/19 12:00 PM,23.08333333
2/18/19 1:00 PM,23.88333333
2/18/19 2:00 PM,26.13333333
2/18/19 3:00 PM,26.425
2/19/19 5:00 AM,12.95
2/19/19 6:00 AM,12.9
2/19/19 7:00 AM,15.78333333
2/19/19 8:00 AM,24.93333333
2/19/19 9:00 AM,27.7
2/19/19 10:00 AM,29.20833333
2/19/19 11:00 AM,27.48333333
2/19/19 12:00 PM,27.5
2/19/19 1:00 PM,27.36666667
2/19/19 2:00 PM,27.4
2/19/19 3:00 PM,27.15
2/19/19 4:00 PM,25.78333333
2/19/19 5:00 PM,24.725
2/20/19 5:00 AM,25.85
2/20/19 6:00 AM,26.21666667
2/20/19 7:00 AM,26.61666667
2/20/19 8:00 AM,27.55833333
2/20/19 9:00 AM,27.78333333
2/20/19 10:00 AM,28.19166667
2/20/19 11:00 AM,29.13333333
2/20/19 12:00 PM,30.55833333
2/20/19 1:00 PM,31.80833333
2/20/19 2:00 PM,32.41666667
2/20/19 3:00 PM,33.1375
2/20/19 6:00 PM,34.21818182
2/20/19 7:00 PM,34.025
2/21/19 5:00 AM,25.7
2/21/19 6:00 AM,24.00833333
2/21/19 7:00 AM,27.94166667
2/21/19 8:00 AM,32.775
2/21/19 9:00 AM,33.31666667
2/21/19 10:00 AM,33.25
2/21/19 11:00 AM,31.675
2/21/19 12:00 PM,31.625
2/21/19 1:00 PM,32.88333333
2/21/19 2:00 PM,33.625
2/21/19 3:00 PM,33.7375
2/22/19 5:00 AM,23.05
2/22/19 6:00 AM,22.24166667
2/22/19 7:00 AM,25.18333333
2/22/19 8:00 AM,31.775
2/22/19 9:00 AM,33.9
2/22/19 10:00 AM,33.24166667
2/22/19 11:00 AM,32.68333333
2/22/19 12:00 PM,34.275
2/22/19 1:00 PM,35.70833333
2/22/19 2:00 PM,35.51666667
2/22/19 3:00 PM,35.6125
2/25/19 8:00 AM,11.98
2/25/19 9:00 AM,13.09166667
2/25/19 10:00 AM,17.39166667
2/25/19 11:00 AM,17.30833333
2/25/19 12:00 PM,17.36666667
2/25/19 1:00 PM,18.65
2/25/19 2:00 PM,20.35833333
2/25/19 3:00 PM,20.8625
2/26/19 5:00 AM,9.4
2/26/19 6:00 AM,8.966666667
2/26/19 7:00 AM,8.916666667
2/26/19 8:00 AM,9.158333333
2/26/19 9:00 AM,9.825
2/26/19 10:00 AM,11.41666667
2/26/19 11:00 AM,12.74166667
2/26/19 12:00 PM,12.89166667
2/26/19 1:00 PM,12.94166667
2/26/19 2:00 PM,13.15833333
2/26/19 3:00 PM,13.075
2/27/19 5:00 AM,14.1
2/27/19 6:00 AM,13.9
2/27/19 7:00 AM,14.19166667
2/27/19 8:00 AM,16.48333333
2/27/19 9:00 AM,17.65
2/27/19 10:00 AM,26.35833333
2/27/19 11:00 AM,24.39166667
2/27/19 12:00 PM,24.06666667
2/27/19 1:00 PM,23.575
2/27/19 2:00 PM,22.625
2/27/19 3:00 PM,22.3375
2/27/19 5:00 PM,21.32
2/27/19 6:00 PM,21.375
2/27/19 7:00 PM,20.30833333
2/27/19 8:00 PM,19.475
2/28/19 5:00 AM,13.85
2/28/19 6:00 AM,13.18333333
2/28/19 7:00 AM,12.99166667
2/28/19 8:00 AM,16.175
2/28/19 9:00 AM,17.41666667
2/28/19 10:00 AM,19.65833333
2/28/19 11:00 AM,23.825
2/28/19 12:00 PM,24.76666667
2/28/19 1:00 PM,26.025
2/28/19 2:00 PM,26.81666667
2/28/19 3:00 PM,28.0125
2/28/19 5:00 PM,25.8
2/28/19 6:00 PM,26.70833333
2/28/19 7:00 PM,27.45
3/1/19 5:00 AM,26.75
3/1/19 6:00 AM,25.9
3/1/19 7:00 AM,23.6
3/1/19 8:00 AM,24.68333333
3/1/19 9:00 AM,25.5
3/1/19 10:00 AM,27.94166667
3/1/19 11:00 AM,29.60833333
3/1/19 12:00 PM,28.98333333
3/1/19 1:00 PM,31.525
3/1/19 2:00 PM,32.79166667
3/1/19 3:00 PM,32.8875
3/4/19 5:00 AM,1.3
3/4/19 6:00 AM,0.85
3/4/19 7:00 AM,8.083333333
3/4/19 8:00 AM,10.98333333
3/4/19 9:00 AM,13.15
3/4/19 10:00 AM,13.19166667
3/4/19 11:00 AM,12.6
3/4/19 12:00 PM,12.99166667
3/4/19 1:00 PM,14.15
3/4/19 2:00 PM,14.64166667
3/4/19 3:00 PM,14.15
3/5/19 5:00 AM,10.1
3/5/19 6:00 AM,10.34166667
3/5/19 7:00 AM,18.575
3/5/19 8:00 AM,22.95833333
3/5/19 9:00 AM,23.34166667
3/5/19 10:00 AM,23.13333333
3/5/19 11:00 AM,23.1
3/5/19 12:00 PM,22.79166667
3/5/19 1:00 PM,22.83333333
3/5/19 2:00 PM,23.65
3/5/19 3:00 PM,23.125
3/6/19 5:00 AM,11.6
3/6/19 6:00 AM,13.025
3/6/19 7:00 AM,20.34166667
3/6/19 8:00 AM,24.70833333
3/6/19 9:00 AM,22.525
3/6/19 10:00 AM,23.63333333
3/6/19 11:00 AM,25.20833333
3/6/19 12:00 PM,26.64166667
3/6/19 1:00 PM,26.30833333
3/6/19 2:00 PM,26.5
3/6/19 3:00 PM,27.7875
3/7/19 5:00 AM,17.6
3/7/19 6:00 AM,17.725
3/7/19 7:00 AM,17.10833333
3/7/19 8:00 AM,16.10833333
3/7/19 9:00 AM,19.65
3/7/19 10:00 AM,21.825
3/7/19 11:00 AM,23.075
3/7/19 12:00 PM,24.20833333
3/7/19 1:00 PM,25.38333333
3/7/19 2:00 PM,26.58333333
3/7/19 3:00 PM,26.4125
3/8/19 5:00 AM,22.6
3/8/19 6:00 AM,22.8
3/8/19 7:00 AM,22.925
3/8/19 8:00 AM,24.80833333
3/8/19 9:00 AM,32.00833333
3/8/19 10:00 AM,34.36666667
3/8/19 11:00 AM,35.225
3/8/19 12:00 PM,35.76666667
3/8/19 1:00 PM,36.18333333
3/8/19 2:00 PM,36.43333333
3/8/19 3:00 PM,36.2
3/11/19 5:00 AM,29.1
3/11/19 6:00 AM,28.29166667
3/11/19 7:00 AM,27.41666667
3/11/19 8:00 AM,28.925
3/11/19 9:00 AM,36.8
3/11/19 10:00 AM,39.875
3/11/19 11:00 AM,39.525
3/11/19 12:00 PM,38.43333333
3/11/19 1:00 PM,38.775
3/11/19 2:00 PM,39.75
3/11/19 3:00 PM,40.3
3/12/19 5:00 AM,28
3/12/19 6:00 AM,27.225
3/12/19 7:00 AM,28.1
3/12/19 8:00 AM,35.46666667
3/12/19 9:00 AM,39.99166667
3/12/19 10:00 AM,42.15
3/12/19 11:00 AM,43.925
3/12/19 12:00 PM,44.5
3/12/19 1:00 PM,45.14166667
3/12/19 2:00 PM,45.225
3/12/19 3:00 PM,44.0375
3/13/19 5:00 AM,39.8
3/13/19 6:00 AM,39.85833333
3/13/19 7:00 AM,38.65833333
3/13/19 8:00 AM,38.275
3/13/19 9:00 AM,38.20833333
3/13/19 10:00 AM,39.06666667
3/13/19 11:00 AM,39.90833333
3/13/19 12:00 PM,41
3/13/19 1:00 PM,42.4
3/13/19 2:00 PM,43.44166667
3/13/19 3:00 PM,44.15
3/13/19 5:00 PM,45.3
3/13/19 6:00 PM,45.25
3/13/19 7:00 PM,45.725
3/13/19 8:00 PM,45.975
3/14/19 5:00 AM,46.8
3/14/19 6:00 AM,47.46666667
3/14/19 7:00 AM,48.55833333
3/14/19 8:00 AM,51.69166667
3/14/19 9:00 AM,56.01666667
3/14/19 10:00 AM,57.63333333
3/14/19 11:00 AM,59.31666667
3/14/19 12:00 PM,59.8
3/14/19 1:00 PM,59.425
3/14/19 2:00 PM,55.69166667
3/14/19 3:00 PM,54.925
3/15/19 5:00 AM,41.55
3/15/19 6:00 AM,41.075
3/15/19 7:00 AM,40.06666667
3/15/19 8:00 AM,38.98333333
3/15/19 9:00 AM,38.14166667
3/15/19 10:00 AM,38.18333333
3/15/19 11:00 AM,37.90833333
3/15/19 12:00 PM,38.71666667
3/15/19 1:00 PM,39.56666667
3/15/19 2:00 PM,40.925
3/15/19 3:00 PM,43.05
3/18/19 5:00 AM,35.85
3/18/19 6:00 AM,34.99166667
3/18/19 7:00 AM,35.26666667
3/18/19 8:00 AM,36.05833333
3/18/19 9:00 AM,37.275
3/18/19 10:00 AM,40.40833333
3/18/19 11:00 AM,42.74166667
3/18/19 12:00 PM,44.4
3/18/19 1:00 PM,46.18333333
3/18/19 2:00 PM,46.95
3/18/19 3:00 PM,47.0625
3/19/19 5:00 AM,37.75
3/19/19 6:00 AM,36.975
3/19/19 7:00 AM,38.90833333
3/19/19 8:00 AM,47.88333333
3/19/19 9:00 AM,52.38333333
3/19/19 10:00 AM,53.65833333
3/19/19 11:00 AM,54.08333333
3/19/19 12:00 PM,52.74166667
3/19/19 1:00 PM,52.74166667
3/19/19 2:00 PM,52.275
3/19/19 3:00 PM,52.11666667
3/19/19 4:00 PM,51.13333333
3/19/19 5:00 PM,50.7
3/20/19 5:00 AM,40.8
3/20/19 6:00 AM,39.45
3/20/19 7:00 AM,38.95833333
3/20/19 8:00 AM,41.15
3/20/19 9:00 AM,43.45
3/20/19 10:00 AM,47.15833333
3/20/19 11:00 AM,48.05
3/20/19 12:00 PM,49.25833333
3/20/19 1:00 PM,49.675
3/20/19 2:00 PM,50.26666667
3/20/19 3:00 PM,50.55
3/21/19 5:00 AM,38.6
3/21/19 6:00 AM,38.55833333
3/21/19 7:00 AM,38.4
3/21/19 8:00 AM,38.95
3/21/19 9:00 AM,39.675
3/21/19 10:00 AM,40.73333333
3/21/19 11:00 AM,44.06666667
3/21/19 12:00 PM,47.28333333
3/21/19 1:00 PM,48.88333333
3/21/19 2:00 PM,50.85833333
3/21/19 3:00 PM,51.7
3/22/19 5:00 AM,38.85
3/22/19 6:00 AM,39.3
3/22/19 7:00 AM,42
3/22/19 8:00 AM,47.64166667
3/22/19 9:00 AM,48.00833333
3/22/19 10:00 AM,48.7
3/22/19 11:00 AM,49.93333333
3/22/19 12:00 PM,50.05454545
3/22/19 1:00 PM,50.78333333
3/22/19 2:00 PM,51.58333333
3/22/19 3:00 PM,50.4875
3/25/19 5:00 AM,28
3/25/19 6:00 AM,27.24166667
3/25/19 7:00 AM,29.90833333
3/25/19 8:00 AM,36.29166667
3/25/19 9:00 AM,37.45
3/25/19 10:00 AM,39.55
3/25/19 11:00 AM,41.1
3/25/19 12:00 PM,41.625
3/25/19 1:00 PM,42.75
3/25/19 2:00 PM,43.71666667
3/25/19 3:00 PM,43.7375
3/26/19 5:00 AM,34.8
3/26/19 6:00 AM,33.80833333
3/26/19 7:00 AM,38.66666667
3/26/19 8:00 AM,46.14166667
3/26/19 9:00 AM,50.49166667
3/26/19 10:00 AM,52.89166667
3/26/19 11:00 AM,52.3
3/26/19 12:00 PM,52.4
3/26/19 1:00 PM,52.20833333
3/26/19 2:00 PM,51.99166667
3/26/19 3:00 PM,51.925
3/27/19 5:00 AM,38.8
3/27/19 6:00 AM,38.54166667
3/27/19 7:00 AM,38.96666667
3/27/19 8:00 AM,39.45
3/27/19 9:00 AM,41.08333333
3/27/19 10:00 AM,44.50833333
3/27/19 11:00 AM,50.625
3/27/19 12:00 PM,53.08333333
3/27/19 1:00 PM,54.65
3/27/19 2:00 PM,56.04166667
3/27/19 3:00 PM,57.2125
3/27/19 5:00 PM,56.4
3/27/19 6:00 PM,55.98333333
3/27/19 7:00 PM,55.275
3/27/19 8:00 PM,54.925
3/28/19 5:00 AM,49.06666667
3/28/19 6:00 AM,49.975
3/28/19 7:00 AM,49.59166667
3/28/19 8:00 AM,56.95
3/28/19 9:00 AM,56.44166667
3/28/19 10:00 AM,55.18333333
3/28/19 11:00 AM,59.15
3/28/19 12:00 PM,57.6
3/28/19 1:00 PM,57.68333333
3/28/19 2:00 PM,59.425
3/28/19 3:00 PM,60.8125
3/29/19 5:00 AM,38.55
3/29/19 6:00 AM,37.275
3/29/19 7:00 AM,42.59166667
3/29/19 8:00 AM,43.2
3/29/19 9:00 AM,47.85
3/29/19 10:00 AM,50.56666667
3/29/19 11:00 AM,50.58333333
3/29/19 12:00 PM,52.36666667
3/29/19 1:00 PM,54.05
3/29/19 2:00 PM,54.09166667
3/29/19 3:00 PM,54.575
4/1/19 5:00 AM,36.95
4/1/19 6:00 AM,35.175
4/1/19 7:00 AM,34.20833333
4/1/19 8:00 AM,35.49166667
4/1/19 9:00 AM,37.38333333
4/1/19 10:00 AM,40.05833333
4/1/19 11:00 AM,43.66666667
4/1/19 12:00 PM,47.375
4/1/19 1:00 PM,48.78333333
4/1/19 2:00 PM,50.73333333
4/1/19 3:00 PM,51.4125
4/2/19 5:00 AM,44.65
4/2/19 6:00 AM,44.00833333
4/2/19 7:00 AM,43.125
4/2/19 8:00 AM,43
4/2/19 9:00 AM,41.925
4/2/19 10:00 AM,40.025
4/2/19 11:00 AM,40.83333333
4/2/19 12:00 PM,42.78333333
4/2/19 1:00 PM,44.04166667
4/2/19 2:00 PM,44.525
4/2/19 3:00 PM,45.9
4/3/19 5:00 AM,41.25
4/3/19 6:00 AM,40.65
4/3/19 7:00 AM,47.10833333
4/3/19 8:00 AM,53.4
4/3/19 9:00 AM,56.05
4/3/19 10:00 AM,58.05833333
4/3/19 11:00 AM,58.475
4/3/19 12:00 PM,58.775
4/3/19 1:00 PM,60.14166667
4/3/19 2:00 PM,61.525
4/3/19 3:00 PM,61.1125
4/4/19 5:00 AM,45.65
4/4/19 6:00 AM,45.45
4/4/19 7:00 AM,43.875
4/4/19 8:00 AM,43.45833333
4/4/19 9:00 AM,44.03333333
4/4/19 10:00 AM,43.35
4/4/19 11:00 AM,43.1
4/4/19 12:00 PM,43.05833333
4/4/19 1:00 PM,42.61666667
4/4/19 2:00 PM,42.475
4/4/19 3:00 PM,42.125
4/5/19 5:00 AM,40.6
4/5/19 6:00 AM,40.35833333
4/5/19 7:00 AM,39.85833333
4/5/19 8:00 AM,39.25
4/5/19 9:00 AM,40.625
4/5/19 10:00 AM,42.71666667
4/5/19 11:00 AM,47.35833333
4/5/19 12:00 PM,53.69166667
4/5/19 1:00 PM,55.69166667
4/5/19 2:00 PM,55.65
4/5/19 3:00 PM,56.55
4/8/19 5:00 AM,53.6
4/8/19 6:00 AM,54.86666667
4/8/19 7:00 AM,61.95
4/8/19 8:00 AM,68.025
4/8/19 9:00 AM,70.90833333
4/8/19 10:00 AM,73.59166667
4/8/19 11:00 AM,73.38333333
4/8/19 12:00 PM,73.075
4/8/19 1:00 PM,72.50833333
4/8/19 2:00 PM,72.25
4/8/19 3:00 PM,72.125
4/9/19 5:00 AM,53.2
4/9/19 6:00 AM,55.325
4/9/19 7:00 AM,63.43333333
4/9/19 8:00 AM,67.79166667
4/9/19 9:00 AM,70.65833333
4/9/19 10:00 AM,72.03333333
4/9/19 11:00 AM,71.78333333
4/9/19 12:00 PM,71.65
4/9/19 1:00 PM,70.49166667
4/9/19 2:00 PM,70.30833333
4/9/19 3:00 PM,68.9375
4/10/19 5:00 AM,37.3
4/10/19 6:00 AM,37.125
4/10/19 7:00 AM,36.88333333
4/10/19 8:00 AM,37.19166667
4/10/19 9:00 AM,37.74166667
4/10/19 10:00 AM,38.28333333
4/10/19 11:00 AM,38.45
4/10/19 12:00 PM,38.04166667
4/10/19 1:00 PM,37.90833333
4/10/19 2:00 PM,36.225
4/10/19 3:00 PM,34.4
4/10/19 5:00 PM,33.05
4/10/19 6:00 PM,33.00833333
4/10/19 7:00 PM,32.68333333
4/10/19 8:00 PM,32.73333333
4/11/19 5:00 AM,32.8
4/11/19 6:00 AM,32.69166667
4/11/19 7:00 AM,32.13333333
4/11/19 8:00 AM,32.19166667
4/11/19 9:00 AM,32.625
4/11/19 10:00 AM,32.43333333
4/11/19 11:00 AM,32.29166667
4/11/19 12:00 PM,32.7
4/11/19 1:00 PM,33.6
4/11/19 2:00 PM,34.45833333
4/11/19 3:00 PM,35.225
4/12/19 5:00 AM,40.55
4/12/19 6:00 AM,39.65833333
4/12/19 7:00 AM,39.70833333
4/12/19 8:00 AM,42.16666667
4/12/19 9:00 AM,46.39166667
4/12/19 10:00 AM,40.625
4/12/19 11:00 AM,40.33333333
4/12/19 12:00 PM,40.40833333
4/12/19 1:00 PM,40.2
4/12/19 2:00 PM,40.95
4/12/19 3:00 PM,41.7375
4/22/19 5:00 AM,59.9
4/22/19 6:00 AM,60.26666667
4/22/19 7:00 AM,63.35833333
4/22/19 8:00 AM,65.55
4/22/19 9:00 AM,65.275
4/22/19 10:00 AM,68.40833333
4/22/19 11:00 AM,71.18333333
4/22/19 12:00 PM,75.26666667
4/22/19 1:00 PM,75.04166667
4/22/19 2:00 PM,76.825
4/22/19 3:00 PM,77.6125
4/23/19 5:00 AM,46.96666667
4/23/19 6:00 AM,47.69166667
4/23/19 7:00 AM,47.60833333
4/23/19 8:00 AM,47.48333333
4/23/19 9:00 AM,53.15
4/23/19 10:00 AM,58.375
4/23/19 11:00 AM,61.23333333
4/23/19 12:00 PM,62.95
4/23/19 1:00 PM,64.01666667
4/23/19 2:00 PM,65.3
4/23/19 3:00 PM,65.025
4/24/19 5:00 AM,47.46666667
4/24/19 6:00 AM,51.30833333
4/24/19 7:00 AM,55.41666667
4/24/19 8:00 AM,60.59166667
4/24/19 9:00 AM,67.2
4/24/19 10:00 AM,70.61666667
4/24/19 11:00 AM,70.85
4/24/19 12:00 PM,70.625
4/24/19 1:00 PM,70.45
4/24/19 2:00 PM,69.85
4/24/19 3:00 PM,69.25
4/24/19 4:00 PM,67.675
4/24/19 5:00 PM,65.28333333
4/24/19 6:00 PM,64.65833333
4/24/19 7:00 PM,66.775
4/24/19 8:00 PM,64.725
4/24/19 9:00 PM,62.8
4/25/19 5:00 AM,54.5
4/25/19 6:00 AM,54.73333333
4/25/19 7:00 AM,61.53333333
4/25/19 8:00 AM,67.21666667
4/25/19 9:00 AM,72.4
4/25/19 10:00 AM,73
4/25/19 11:00 AM,75.46666667
4/25/19 12:00 PM,75.50833333
4/25/19 1:00 PM,74.125
4/25/19 2:00 PM,68.70833333
4/25/19 3:00 PM,64.275
4/26/19 5:00 AM,51.5
4/26/19 6:00 AM,54.71666667
4/26/19 7:00 AM,59.31666667
4/26/19 8:00 AM,61.08333333
4/26/19 9:00 AM,63.13333333
4/26/19 10:00 AM,64.98333333
4/26/19 11:00 AM,65.80833333
4/26/19 12:00 PM,65.475
4/26/19 1:00 PM,65.35
4/26/19 2:00 PM,65.1
4/26/19 3:00 PM,64.9125
4/29/19 5:00 AM,42.6
4/29/19 6:00 AM,42.11666667
4/29/19 7:00 AM,41.775
4/29/19 8:00 AM,41.51666667
4/29/19 9:00 AM,41.725
4/29/19 10:00 AM,42.26666667
4/29/19 11:00 AM,42.80833333
4/29/19 12:00 PM,43.79166667
4/29/19 1:00 PM,45.48333333
4/29/19 2:00 PM,47.44166667
4/29/19 3:00 PM,48.8625
4/30/19 5:00 AM,44.5
4/30/19 6:00 AM,43.6
4/30/19 7:00 AM,42.81666667
4/30/19 8:00 AM,42.11818182
4/30/19 9:00 AM,42.93333333
4/30/19 10:00 AM,42.875
4/30/19 11:00 AM,43.15
4/30/19 12:00 PM,43.91666667
4/30/19 1:00 PM,44.075
4/30/19 2:00 PM,44.275
4/30/19 3:00 PM,43.9625
5/1/19 5:00 AM,43.55
5/1/19 6:00 AM,43.53333333
5/1/19 7:00 AM,43.1
5/1/19 8:00 AM,43.6
5/1/19 9:00 AM,45.64166667
5/1/19 10:00 AM,46.65
5/1/19 11:00 AM,47.6
5/1/19 12:00 PM,47.95833333
5/1/19 1:00 PM,49.25833333
5/1/19 2:00 PM,50.99166667
5/1/19 3:00 PM,51.15
5/1/19 6:00 PM,50.4375
5/1/19 7:00 PM,48.46666667
5/1/19 8:00 PM,48.05
5/2/19 5:00 AM,45.6
5/2/19 6:00 AM,45.825
5/2/19 7:00 AM,44.71666667
5/2/19 8:00 AM,44.9
5/2/19 9:00 AM,44.76666667
5/2/19 10:00 AM,45.41666667
5/2/19 11:00 AM,46.63333333
5/2/19 12:00 PM,48.08333333
5/2/19 1:00 PM,49.05
5/2/19 2:00 PM,50.825
5/2/19 3:00 PM,53.15
5/3/19 5:00 AM,48.5
5/3/19 6:00 AM,52.86666667
5/3/19 7:00 AM,57.175
5/3/19 8:00 AM,62.99166667
5/3/19 9:00 AM,64.79166667
5/3/19 10:00 AM,61.36666667
5/3/19 11:00 AM,60.68333333
5/3/19 12:00 PM,60.575
5/3/19 1:00 PM,60.575
5/3/19 2:00 PM,62.4
5/3/19 3:00 PM,61.9875
5/6/19 5:00 AM,57.1
5/6/19 6:00 AM,57.31666667
5/6/19 7:00 AM,54.375
5/6/19 8:00 AM,51.09166667
5/6/19 9:00 AM,50.575
5/6/19 10:00 AM,51.86666667
5/6/19 11:00 AM,53.075
5/6/19 12:00 PM,54.59166667
5/6/19 1:00 PM,56.48333333
5/6/19 2:00 PM,58.35833333
5/6/19 3:00 PM,58.1375
5/6/19 5:00 PM,59.62
5/6/19 6:00 PM,59.55
5/6/19 7:00 PM,59.59166667
5/6/19 8:00 PM,58.2
5/7/19 5:00 AM,45.95
5/7/19 6:00 AM,45.525
5/7/19 7:00 AM,45.95833333
5/7/19 8:00 AM,48.56666667
5/7/19 9:00 AM,49.01666667
5/7/19 10:00 AM,51.11666667
5/7/19 11:00 AM,54.70833333
5/7/19 12:00 PM,55.775
5/7/19 1:00 PM,56.375
5/7/19 2:00 PM,56.75833333
5/7/19 3:00 PM,57.0625
5/8/19 5:00 AM,43.95
5/8/19 6:00 AM,44.225
5/8/19 7:00 AM,44.59166667
5/8/19 8:00 AM,44.89166667
5/8/19 9:00 AM,44.1
5/8/19 10:00 AM,42.99166667
5/8/19 11:00 AM,44.05
5/8/19 12:00 PM,44.86666667
5/8/19 1:00 PM,43.90833333
5/8/19 2:00 PM,45.5
5/8/19 3:00 PM,47.45
5/8/19 5:00 PM,48.65
5/8/19 6:00 PM,48.25
5/8/19 7:00 PM,48.775
5/8/19 8:00 PM,49.05
5/9/19 5:00 AM,55.3
5/9/19 6:00 AM,55.36666667
5/9/19 7:00 AM,56.125
5/9/19 8:00 AM,56.35
5/9/19 9:00 AM,57.275
5/9/19 10:00 AM,56.99166667
5/9/19 11:00 AM,56.30833333
5/9/19 12:00 PM,56.675
5/9/19 1:00 PM,56.61666667
5/9/19 2:00 PM,55.8
5/9/19 3:00 PM,56.3625
5/10/19 5:00 AM,46.65
5/10/19 6:00 AM,48.35833333
5/10/19 7:00 AM,54.25
5/10/19 8:00 AM,58.35
5/10/19 9:00 AM,59.59166667
5/10/19 10:00 AM,62.925
5/10/19 11:00 AM,63.79166667
5/10/19 12:00 PM,62.13333333
5/10/19 1:00 PM,62.26666667
5/10/19 2:00 PM,62.15833333
5/10/19 3:00 PM,63.1
5/13/19 5:00 AM,49.25
5/13/19 6:00 AM,57.06666667
5/13/19 7:00 AM,62.94166667
5/13/19 8:00 AM,63.81666667
5/13/19 9:00 AM,65.26666667
5/13/19 10:00 AM,67.34166667
5/13/19 11:00 AM,67.80833333
5/13/19 12:00 PM,66.925
5/13/19 1:00 PM,66.44166667
5/13/19 2:00 PM,66.63333333
5/13/19 3:00 PM,65.8125
5/14/19 5:00 AM,53.1
5/14/19 6:00 AM,59.775
5/14/19 7:00 AM,63.90833333
5/14/19 8:00 AM,66.76666667
5/14/19 9:00 AM,73.8
5/14/19 10:00 AM,76.96666667
5/14/19 11:00 AM,76.3
5/14/19 12:00 PM,75.975
5/14/19 1:00 PM,75.075
5/14/19 2:00 PM,74.45
5/14/19 3:00 PM,73.34166667
5/14/19 4:00 PM,72.95833333
5/14/19 5:00 PM,72.44285714
5/15/19 5:00 AM,58.15
5/15/19 6:00 AM,62.31666667
5/15/19 7:00 AM,70.36666667
5/15/19 8:00 AM,73.9
5/15/19 9:00 AM,76.25833333
5/15/19 10:00 AM,79.975
5/15/19 11:00 AM,80.58333333
5/15/19 12:00 PM,79.1
5/15/19 1:00 PM,80.06666667
5/15/19 2:00 PM,79.625
5/15/19 3:00 PM,79.4875
5/16/19 5:00 AM,65
5/16/19 6:00 AM,65.54166667
5/16/19 7:00 AM,64.81666667
5/16/19 8:00 AM,64.43333333
5/16/19 9:00 AM,63.675
5/16/19 10:00 AM,62.075
5/16/19 11:00 AM,63.98333333
5/16/19 12:00 PM,68.30833333
5/16/19 1:00 PM,70.925
5/16/19 2:00 PM,73.85833333
5/16/19 3:00 PM,74.8625
5/17/19 5:00 AM,51.95
5/17/19 6:00 AM,51.925
5/17/19 7:00 AM,51.59166667
5/17/19 8:00 AM,52.25833333
5/17/19 9:00 AM,53.35
5/17/19 10:00 AM,54.68333333
5/17/19 11:00 AM,55.18333333
5/17/19 12:00 PM,55.93333333
5/17/19 1:00 PM,58.11666667
5/17/19 2:00 PM,58.08333333
5/17/19 3:00 PM,58.4875
5/20/19 5:00 AM,48.35
5/20/19 6:00 AM,47.31666667
5/20/19 7:00 AM,46.575
5/20/19 8:00 AM,49.85
5/20/19 9:00 AM,52.25833333
5/20/19 10:00 AM,52.88333333
5/20/19 11:00 AM,55.2
5/20/19 12:00 PM,57.09166667
5/20/19 1:00 PM,57.91666667
5/20/19 2:00 PM,59.275
5/20/19 3:00 PM,59.2375
5/21/19 5:00 AM,49.1
5/21/19 6:00 AM,48.45
5/21/19 7:00 AM,48.89166667
5/21/19 8:00 AM,50.475
5/21/19 9:00 AM,51.36666667
5/21/19 10:00 AM,52.88333333
5/21/19 11:00 AM,54.15
5/21/19 12:00 PM,52.91666667
5/21/19 1:00 PM,54.05
5/21/19 2:00 PM,54.39166667
5/21/19 3:00 PM,53.8125
5/22/19 5:00 AM,50
5/22/19 6:00 AM,50.325
5/22/19 7:00 AM,51.00833333
5/22/19 8:00 AM,52
5/22/19 9:00 AM,53.39166667
5/22/19 10:00 AM,56.71666667
5/22/19 11:00 AM,64.525
5/22/19 12:00 PM,67.53333333
5/22/19 1:00 PM,69.95833333
5/22/19 2:00 PM,72.025
5/22/19 3:00 PM,73.4
5/22/19 5:00 PM,71.25
5/22/19 6:00 PM,70.74166667
5/22/19 7:00 PM,69.04166667
5/22/19 8:00 PM,68.25
5/23/19 5:00 AM,63.55
5/23/19 6:00 AM,69.34166667
5/23/19 7:00 AM,71.45
5/23/19 8:00 AM,74.575
5/23/19 9:00 AM,76.89166667
5/23/19 10:00 AM,78.63333333
5/23/19 11:00 AM,75.88333333
5/23/19 12:00 PM,77.4
5/23/19 1:00 PM,77.04166667
5/23/19 2:00 PM,76.675
5/23/19 3:00 PM,75.725
5/24/19 5:00 AM,58.55
5/24/19 6:00 AM,57.65
5/24/19 7:00 AM,56.13333333
5/24/19 8:00 AM,58.01666667
5/24/19 9:00 AM,57.24166667
5/24/19 10:00 AM,56.75833333
5/24/19 11:00 AM,56.83333333
5/24/19 12:00 PM,57
5/24/19 1:00 PM,60.13333333
5/24/19 2:00 PM,63.06666667
5/24/19 3:00 PM,65.075
5/28/19 5:00 AM,55.15
5/28/19 6:00 AM,54.65
5/28/19 7:00 AM,54.45833333
5/28/19 8:00 AM,55.075
5/28/19 9:00 AM,55.26666667
5/28/19 10:00 AM,56.65
5/28/19 11:00 AM,57.35
5/28/19 12:00 PM,59.00833333
5/28/19 1:00 PM,59.53333333
5/28/19 2:00 PM,59.925
5/28/19 3:00 PM,60.375
5/29/19 5:00 AM,55
5/29/19 6:00 AM,57.30833333
5/29/19 7:00 AM,58.24166667
5/29/19 8:00 AM,59.26666667
5/29/19 9:00 AM,60.48333333
5/29/19 10:00 AM,60.73333333
5/29/19 11:00 AM,63.66666667
5/29/19 12:00 PM,65.875
5/29/19 1:00 PM,66.39166667
5/29/19 2:00 PM,68.35
5/29/19 3:00 PM,68.2
5/30/19 5:00 AM,63.85
5/30/19 6:00 AM,64.19166667
5/30/19 7:00 AM,64.95
5/30/19 8:00 AM,65.8
5/30/19 9:00 AM,66.6
5/30/19 10:00 AM,68.23333333
5/30/19 11:00 AM,70.99166667
5/30/19 12:00 PM,72.24166667
5/30/19 1:00 PM,74.825
5/30/19 2:00 PM,75.925
5/30/19 3:00 PM,75.725
5/31/19 5:00 AM,65.5
5/31/19 6:00 AM,68.35833333
5/31/19 7:00 AM,72.98333333
5/31/19 8:00 AM,77.81818182
5/31/19 9:00 AM,81.78333333
5/31/19 10:00 AM,84.44166667
5/31/19 11:00 AM,86.28333333
5/31/19 12:00 PM,86.7
5/31/19 1:00 PM,86.85833333
5/31/19 2:00 PM,86.25833333
5/31/19 3:00 PM,85.3125
6/2/19 8:00 PM,68.9125
6/2/19 9:00 PM,63.91666667
6/2/19 10:00 PM,60.6
6/3/19 5:00 AM,51
6/3/19 6:00 AM,52.125
6/3/19 7:00 AM,52.55833333
6/3/19 8:00 AM,53.1
6/3/19 9:00 AM,56.4
6/3/19 10:00 AM,60.45
6/3/19 11:00 AM,65.45
6/3/19 12:00 PM,67.01666667
6/3/19 1:00 PM,68.54166667
6/3/19 2:00 PM,68.50833333
6/3/19 3:00 PM,68.7625
6/4/19 5:00 AM,59.15
6/4/19 6:00 AM,61.41666667
6/4/19 7:00 AM,62.975
6/4/19 8:00 AM,67.875
6/4/19 9:00 AM,65.89166667
6/4/19 10:00 AM,62.68333333
6/4/19 11:00 AM,62.85833333
6/4/19 12:00 PM,68.90833333
6/4/19 1:00 PM,71.04166667
6/4/19 2:00 PM,73.325
6/4/19 3:00 PM,74.575
6/5/19 5:00 AM,66.65
6/5/19 6:00 AM,67.53333333
6/5/19 7:00 AM,69.49166667
6/5/19 8:00 AM,73.19166667
6/5/19 9:00 AM,78.69166667
6/5/19 10:00 AM,82.43333333
6/5/19 11:00 AM,85.35
6/5/19 12:00 PM,84.46666667
6/5/19 1:00 PM,82.925
6/5/19 2:00 PM,82.41666667
6/5/19 3:00 PM,80.8
6/5/19 5:00 PM,80.2
6/5/19 6:00 PM,79.76666667
6/5/19 7:00 PM,79.11666667
6/5/19 8:00 PM,78.475
6/6/19 5:00 AM,65.7
6/6/19 6:00 AM,71.24166667
6/6/19 7:00 AM,74.40833333
6/6/19 8:00 AM,77.44166667
6/6/19 9:00 AM,81.325
6/6/19 10:00 AM,84.21666667
6/6/19 11:00 AM,85.20833333
6/6/19 12:00 PM,84.84166667
6/6/19 1:00 PM,84.53333333
6/6/19 2:00 PM,83.80833333
6/6/19 3:00 PM,83.48333333
6/6/19 4:00 PM,82.91666667
6/6/19 5:00 PM,82.55
6/6/19 6:00 PM,81.93333333
6/6/19 7:00 PM,80.7
6/6/19 8:00 PM,76.425
6/6/19 9:00 PM,74.4
6/7/19 5:00 AM,69.9
6/7/19 6:00 AM,73.50833333
6/7/19 7:00 AM,76.09166667
6/7/19 8:00 AM,79.80833333
6/7/19 9:00 AM,82.31666667
6/7/19 10:00 AM,84.575
6/7/19 11:00 AM,85.13333333
6/7/19 12:00 PM,84.35
6/7/19 1:00 PM,84.325
6/7/19 2:00 PM,83.6
6/7/19 3:00 PM,83.55
6/10/19 5:00 AM,61.85
6/10/19 6:00 AM,66.15833333
6/10/19 7:00 AM,70.99166667
6/10/19 8:00 AM,72.225
6/10/19 9:00 AM,73.68333333
6/10/19 10:00 AM,75.18333333
6/10/19 11:00 AM,76.95833333
6/10/19 12:00 PM,77.04166667
6/10/19 1:00 PM,76.53333333
6/10/19 2:00 PM,77.49166667
6/10/19 3:00 PM,76.3625
6/11/19 5:00 AM,65.13333333
6/11/19 6:00 AM,69.81666667
6/11/19 7:00 AM,74.05
6/11/19 8:00 AM,79.75833333
6/11/19 9:00 AM,83.90833333
6/11/19 10:00 AM,86.47272727
6/11/19 11:00 AM,86.03333333
6/11/19 12:00 PM,84.175
6/11/19 1:00 PM,84.51666667
6/11/19 2:00 PM,81.03333333
6/11/19 3:00 PM,74.925
6/12/19 5:00 AM,61.15
6/12/19 6:00 AM,61.33333333
6/12/19 7:00 AM,60.65833333
6/12/19 8:00 AM,61.48333333
6/12/19 9:00 AM,62.74166667
6/12/19 10:00 AM,63.09166667
6/12/19 11:00 AM,62.31666667
6/12/19 12:00 PM,63.20833333
6/12/19 1:00 PM,63.58333333
6/12/19 2:00 PM,65.00833333
6/12/19 3:00 PM,63.6625
6/13/19 5:00 AM,53
6/13/19 6:00 AM,56.49166667
6/13/19 7:00 AM,58.68333333
6/13/19 8:00 AM,64.15
6/13/19 9:00 AM,65.26666667
6/13/19 10:00 AM,67.60833333
6/13/19 11:00 AM,69.725
6/13/19 12:00 PM,70.1
6/13/19 1:00 PM,70.75
6/13/19 2:00 PM,70.875
6/13/19 3:00 PM,70.5
6/14/19 5:00 AM,60.05
6/14/19 6:00 AM,60.80833333
6/14/19 7:00 AM,61.14166667
6/14/19 8:00 AM,60.88333333
6/14/19 9:00 AM,67.98333333
6/14/19 10:00 AM,70.41111111
6/24/19 11:00 PM,69.45454545
6/25/19 12:00 AM,69.00769231
6/25/19 1:00 AM,68.24166667
6/25/19 2:00 AM,67.46666667
6/25/19 3:00 AM,66.4
6/26/19 5:00 PM,84.925
6/26/19 6:00 PM,84.92
6/27/19 2:00 PM,91.27
6/27/19 3:00 PM,90.85714286
6/27/19 4:00 PM,78
6/27/19 5:00 PM,76.48333333
6/27/19 6:00 PM,75.91428571
6/27/19 7:00 PM,71.3
6/27/19 8:00 PM,70.85833333
6/27/19 9:00 PM,70.5
6/28/19 8:00 AM,69.32
6/28/19 9:00 AM,69.08333333
6/28/19 10:00 AM,69.35714286
6/28/19 11:00 AM,74.88333333
6/28/19 12:00 PM,78.43333333
6/28/19 3:00 PM,80.79
6/28/19 4:00 PM,81.2
6/28/19 6:00 PM,80.86
6/28/19 7:00 PM,80.35714286
6/28/19 8:00 PM,79.18333333
6/28/19 9:00 PM,78.59090909
6/28/19 10:00 PM,77.43
6/28/19 11:00 PM,76.56666667
6/29/19 11:00 AM,90.18
6/29/19 12:00 PM,87.95
6/29/19 1:00 PM,88.36666667
6/29/19 2:00 PM,87.92
6/29/19 3:00 PM,88.18333333
6/29/19 4:00 PM,88.3
6/29/19 5:00 PM,88.275
6/29/19 6:00 PM,88
6/29/19 8:00 PM,84.53333333
6/29/19 9:00 PM,82.4
6/30/19 8:00 AM,82.225
6/30/19 9:00 AM,84.725
6/30/19 10:00 AM,85.13636364
6/30/19 11:00 AM,69.3
6/30/19 12:00 PM,71.025
6/30/19 5:00 PM,74.37
6/30/19 6:00 PM,72.95454545
6/30/19 11:00 PM,71.63333333
7/1/19 12:00 AM,71.14166667
7/1/19 3:00 AM,70.5
7/1/19 4:00 AM,71.08333333
7/1/19 5:00 AM,71.28571429
7/1/19 9:00 AM,81.62857143
7/1/19 10:00 AM,82.36666667
7/1/19 2:00 PM,86.46666667
7/1/19 3:00 PM,86.45833333
7/1/19 5:00 PM,86.4
7/1/19 6:00 PM,85.55
7/1/19 7:00 PM,84.4
7/1/19 8:00 PM,83.3
7/2/19 12:00 AM,75.76666667
7/2/19 1:00 AM,75.86
7/2/19 8:00 AM,88.23333333
7/2/19 9:00 AM,91.69166667
7/2/19 10:00 AM,93.69166667
7/2/19 11:00 AM,94.25
7/2/19 12:00 PM,94.9
7/2/19 1:00 PM,95.525
7/2/19 2:00 PM,95.575
7/2/19 3:00 PM,93.89
7/2/19 4:00 PM,92.67142857
7/2/19 5:00 PM,88.87777778
7/2/19 6:00 PM,84.84444444
7/2/19 7:00 PM,79.6
7/2/19 8:00 PM,79.44166667
7/2/19 9:00 PM,78.7
7/3/19 8:00 AM,86.13333333
7/3/19 9:00 AM,87.91666667
7/3/19 10:00 AM,87.3625
7/3/19 12:00 PM,85.6
7/3/19 1:00 PM,86.09166667
7/3/19 2:00 PM,86.00833333
7/3/19 4:00 PM,84.35555556
7/3/19 5:00 PM,83.91
7/3/19 7:00 PM,80.23333333
7/3/19 8:00 PM,79.33333333
7/4/19 2:00 AM,72.85
7/4/19 3:00 AM,72.61666667
7/4/19 4:00 AM,72.525
7/4/19 10:00 AM,91.35
7/4/19 11:00 AM,93.66666667
7/4/19 12:00 PM,92.38333333
7/4/19 1:00 PM,91.3125
7/4/19 2:00 PM,90.6
7/4/19 3:00 PM,89.675
7/4/19 4:00 PM,85.57142857
7/4/19 5:00 PM,85.40833333
7/4/19 6:00 PM,85.78
7/4/19 7:00 PM,84.65555556
7/4/19 8:00 PM,84.80833333
7/4/19 9:00 PM,82.8
7/4/19 10:00 PM,82.025
7/4/19 11:00 PM,81.375
7/5/19 2:00 AM,75
7/5/19 3:00 AM,75.44166667
7/5/19 4:00 AM,75.52
7/5/19 9:00 AM,94.50909091
7/5/19 10:00 AM,95.075
7/5/19 11:00 AM,92.95833333
7/5/19 12:00 PM,91.86666667
7/5/19 1:00 PM,92.5
7/5/19 2:00 PM,90.8
7/5/19 3:00 PM,90.38888889
7/5/19 4:00 PM,88.18888889
7/5/19 5:00 PM,86.97
7/5/19 6:00 PM,86.2
7/5/19 7:00 PM,85.73333333
7/5/19 8:00 PM,85.1
7/6/19 12:00 AM,81.4
7/6/19 1:00 AM,80.9
7/6/19 2:00 AM,79.55
7/6/19 3:00 AM,77.95
7/6/19 4:00 AM,76.14
7/6/19 5:00 AM,75.45
7/6/19 6:00 AM,73.1
7/6/19 7:00 AM,72.84166667
7/6/19 8:00 AM,73.79090909
7/6/19 9:00 AM,73.03333333
7/6/19 10:00 AM,72.25714286
7/6/19 12:00 PM,70.9
7/6/19 1:00 PM,72.22727273
7/6/19 2:00 PM,74.88
7/6/19 3:00 PM,75.925
7/6/19 4:00 PM,76.57142857
7/9/19 3:00 PM,86.23333333
